Row Obs. Sample,SIMBADName,RA,DEC,z,"$\rm{SFR}\, [\rm{M}_{\odot} \rm{yr}^{-1}]$","$\rm{SFR}\, [\rm{M}_{\odot} \rm{yr}^{-1}]$_err",ISRF [Habing],ISRF [Habing]_err,$\rm{Z/Z}_{\odot}$,$\rm{Z/Z}_{\odot}$_err,"P$_{\rm{ext}}\, [\rm{K\, cm}^{-3}]$","P$_{\rm{ext}}\, [\rm{K\, cm}^{-3}]$_err","n(H)$_{\rm{cloud}}\, [\rm{cm}^{-3}]$","n(H)$_{\rm{cloud}}\, [\rm{cm}^{-3}]$_err","R$_{cloud}\, [\rm{pc}]$","R$_{cloud}\, [\rm{pc}]$_err","$\rm{M}_{\rm{gas}}\, [\rm{M}_{\odot}]$","$\rm{M}_{\rm{gas}}\, [\rm{M}_{\odot}]$_err","$\rm{M}_{\ast}\, [\rm{M}_{\odot}]$","$\rm{M}_{\ast}\, [\rm{M}_{\odot}]$_err"
0,Mrk 1506,04 33 11.0958,+05 21 15.617,0.014100321519620544,1.85,0.176,3.394,0.236,0.552,0.073,9.051,0.408,3.298,0.294,0.975,0.082,10.418,0.042,10.48,0.006
8,NAME Centaurus A,13 25 27.6150,-43 01 08.805,0.0007810273534955295,0.627,0.157,2.098,0.205,0.315,0.079,7.828,0.29,1.773,0.334,1.123,0.078,10.089,0.065,10.531,0.042
9,NAME Circinus Galaxy,14 13 09.906,-65 20 20.47,0.0006075870628903731,0.511,0.152,1.973,0.247,0.265,0.078,7.604,0.294,1.524,0.355,1.176,0.096,10.037,0.071,10.51,0.06
12,ESO 173-15,13 27 23.774,-57 29 22.14,0.004321373782642578,1.757,0.157,3.098,0.234,0.603,0.083,9.374,0.321,3.194,0.266,0.907,0.073,10.394,0.039,10.504,0.018
13,ESO 317-23,10 24 42.488,-39 18 21.38,0.004192356259714267,0.825,0.174,2.254,0.163,0.385,0.079,8.18,0.281,2.113,0.294,1.062,0.058,10.16,0.059,10.546,0.032
14,ESO 350-38,00 36 52.489,-33 33 17.23,0.008813009052089295,1.545,0.22,3.076,0.218,0.442,0.075,8.439,0.379,2.808,0.323,1.094,0.074,10.339,0.061,10.471,0.021
17,Mrk  477,14 40 38.098,+53 30 16.24,0.016113666358908457,1.509,0.177,2.791,0.215,0.468,0.079,8.906,0.404,2.758,0.309,1.013,0.077,10.332,0.048,10.49,0.014
18,IC   10,00 20 23.16,+59 17 34.7,8.685021164894766e-05,-1.97,0.102,0.38,0.097,-0.302,0.122,5.153,0.152,0.414,0.022,1.356,0.027,8.432,0.053,8.947,0.146
21,IC 1953,03 33 41.885,-21 28 43.03,0.002684312989729358,0.229,0.19,1.42,0.332,0.113,0.084,7.097,0.298,0.914,0.264,1.36,0.09,9.881,0.097,10.318,0.166
22,IC 2554,10 08 50.563,-67 01 51.07,0.0021228462251616366,0.755,0.167,2.134,0.196,0.333,0.08,8.05,0.296,1.914,0.316,1.103,0.074,10.128,0.063,10.526,0.037
25,IC 3908,12 56 40.624,-07 33 46.08,0.0018634626925239724,0.401,0.148,1.86,0.296,0.224,0.081,7.398,0.281,1.315,0.352,1.226,0.106,9.985,0.078,10.48,0.093
27,ESO 445-50,13 49 19.2607,-30 18 34.224,0.006893707947900456,0.607,0.234,1.971,0.201,0.178,0.076,7.438,0.461,1.442,0.323,1.28,0.071,10.026,0.113,10.385,0.115
28,IC  450,06 52 12.3233,+74 25 37.237,0.007961033336182907,0.827,0.196,2.071,0.18,0.266,0.076,7.994,0.414,1.798,0.314,1.181,0.088,10.127,0.079,10.469,0.051
31,IC 4662,17 47 09.192,-64 38 19.25,0.0004340774793185929,-1.097,0.205,0.927,0.184,-0.254,0.088,5.842,0.285,0.512,0.032,1.425,0.013,9.079,0.193,8.888,0.194
35,IC  860,13 15 03.51,+24 37 07.8,0.004837060938309837,0.337,0.227,1.487,0.28,0.119,0.081,7.213,0.405,1.033,0.31,1.347,0.08,9.921,0.109,10.324,0.158
36,IC  883,13 20 35.380,+34 08 21.84,0.010002974127059696,1.753,0.149,3.092,0.227,0.604,0.078,9.419,0.289,3.202,0.246,0.898,0.067,10.396,0.037,10.508,0.019
49,LEDA   33083,10 59 18.128,+24 32 34.74,0.018325945402920835,1.991,0.151,3.464,0.217,0.686,0.078,9.776,0.271,3.57,0.231,0.823,0.063,10.455,0.034,10.508,0.019
51,M  33,01 33 50.904,+30 39 35.79,8.685021164894766e-05,-1.923,0.116,0.416,0.099,-0.38,0.11,5.231,0.147,0.412,0.019,1.363,0.028,8.469,0.056,8.905,0.162
52,M  51,13 29 52.698,+47 11 42.93,0.0006509536295950582,-0.224,0.204,1.109,0.124,-0.042,0.1,6.452,0.144,0.671,0.041,1.435,0.013,9.635,0.092,9.958,0.236
54,M  82,09 55 52.430,+69 40 46.93,0.000390689249910088,0.195,0.286,1.521,0.241,0.061,0.091,6.83,0.458,0.921,0.248,1.383,0.052,9.84,0.15,10.184,0.214
55,M  83,13 37 00.919,-29 51 56.74,0.0007376737740332033,-0.022,0.184,1.232,0.24,0.036,0.091,6.671,0.173,0.721,0.092,1.421,0.033,9.738,0.092,10.145,0.201
56,MCG+12-02-001,00 54 03.943,+73 05 05.23,0.006765452451992724,1.949,0.149,3.41,0.222,0.663,0.078,9.619,0.321,3.493,0.241,0.856,0.07,10.44,0.034,10.5,0.017
57,UGCA  39,02 41 55.092,+59 36 14.73,0.000390689249910088,-0.324,0.181,1.084,0.068,-0.063,0.095,6.27,0.132,0.642,0.05,1.447,0.015,9.577,0.082,9.876,0.222
60,NGC  6052,16 05 12.8707,+20 32 32.613,0.006765452451992724,1.836,0.155,3.266,0.23,0.594,0.076,9.315,0.385,3.29,0.268,0.921,0.077,10.412,0.037,10.49,0.013
61,Mrk  331,23 51 26.731,+20 35 10.22,0.007961033336182907,1.599,0.158,2.839,0.197,0.614,0.077,9.236,0.222,3.076,0.237,0.894,0.055,10.362,0.039,10.541,0.024
62,Mrk  463,13 56 02.9,+18 22 18,0.021065197202568914,1.955,0.168,3.528,0.231,0.59,0.074,9.323,0.409,3.478,0.276,0.922,0.083,10.446,0.039,10.482,0.008
63,Mrk  509,20 44 09.7504,-10 43 24.724,0.014688511872337618,1.655,0.16,2.983,0.227,0.528,0.079,9.14,0.379,3.004,0.283,0.964,0.076,10.37,0.042,10.493,0.015
64,Mrk  573,01 43 57.7763,+02 20 59.525,0.00744904449774878,0.789,0.223,2.125,0.181,0.233,0.074,7.731,0.454,1.696,0.315,1.229,0.078,10.104,0.093,10.438,0.069
67,NGC   253,00 47 33.134,-25 17 19.68,0.00034729668536350247,0.114,0.132,1.45,0.305,0.109,0.078,6.827,0.197,0.816,0.178,1.389,0.066,9.818,0.081,10.301,0.157
68,NGC   278,00 52 04.3422,+47 33 01.649,0.0009110621312232844,0.253,0.117,1.766,0.287,0.192,0.076,7.104,0.236,1.087,0.29,1.292,0.099,9.918,0.076,10.449,0.112
71,NGC   520,01 24 35.071,+03 47 32.68,0.0032881588260754474,1.159,0.182,2.358,0.172,0.422,0.08,8.629,0.293,2.37,0.293,1.038,0.066,10.243,0.052,10.515,0.025
77,NGC   695,01 51 14.3476,+22 34 55.956,0.01389006032843862,2.323,0.157,3.9,0.202,0.825,0.076,10.22,0.221,4.026,0.199,0.718,0.055,10.521,0.029,10.514,0.017
79,NGC   821,02 08 21.150,+10 59 41.53,0.002511631284908312,-0.726,0.248,1.164,0.136,-0.223,0.063,5.89,0.352,0.563,0.038,1.451,0.012,9.321,0.199,9.3,0.273
80,NGC   891,02 22 32.907,+42 20 53.95,0.0007810273534955295,-0.124,0.199,1.126,0.173,-0.014,0.094,6.592,0.156,0.689,0.052,1.43,0.017,9.689,0.092,10.037,0.218
82,NGC   986,02 33 34.349,-39 02 42.21,0.0029000686113873683,0.916,0.174,2.293,0.154,0.408,0.076,8.317,0.264,2.214,0.272,1.045,0.054,10.187,0.053,10.544,0.029
83,NGC  1022,02 38 32.703,-06 40 38.60,0.0021228462251616366,0.394,0.14,1.898,0.271,0.234,0.079,7.389,0.274,1.338,0.349,1.217,0.102,9.987,0.075,10.492,0.082
85,M  77,02 42 40.771,-00 00 47.84,0.0016471913460381594,1.462,0.156,2.662,0.186,0.532,0.076,9.044,0.248,2.811,0.254,0.96,0.061,10.323,0.04,10.521,0.023
90,NGC  1266,03 16 00.749,-02 25 38.53,0.003158833950862062,0.301,0.174,1.556,0.348,0.147,0.082,7.214,0.293,1.027,0.313,1.322,0.104,9.919,0.09,10.38,0.14
92,NGC  1313,03 18 16.046,-66 29 53.74,0.0006943158663544808,-1.172,0.208,0.888,0.183,-0.275,0.097,5.799,0.277,0.503,0.032,1.42,0.013,9.018,0.194,8.815,0.192
96,NGC  1365,03 33 36.458,-36 08 26.37,0.002382074932760771,1.135,0.182,2.35,0.168,0.428,0.08,8.61,0.278,2.368,0.288,1.033,0.064,10.239,0.051,10.521,0.026
97,NGC  1377,03 36 39.077,-20 54 08.14,0.0025979807199085943,-0.299,0.239,1.03,0.091,-0.109,0.11,6.493,0.214,0.65,0.05,1.432,0.01,9.608,0.118,9.811,0.285
98,NGC  1385,03 37 28.323,-24 30 04.60,0.0021660617565076304,1.031,0.18,2.281,0.166,0.402,0.079,8.473,0.282,2.248,0.286,1.05,0.064,10.211,0.054,10.523,0.028
99,NGC  1482,03 54 38.928,-20 30 08.82,0.0027706281011936895,1.232,0.179,2.498,0.147,0.511,0.076,8.741,0.237,2.627,0.261,0.973,0.051,10.273,0.046,10.55,0.025
101,NGC  1569,04 30 49.186,+64 50 52.52,0.00034729668536350247,-0.68,0.242,1.158,0.136,-0.221,0.067,5.918,0.348,0.567,0.038,1.454,0.012,9.355,0.19,9.353,0.272
105,NGC  2146,06 18 37.710,+78 21 25.27,0.001300933020418072,1.349,0.173,2.537,0.19,0.476,0.079,8.855,0.29,2.61,0.287,1.005,0.066,10.293,0.046,10.511,0.022
106,NGC  2388,07 28 53.4530,+33 49 08.550,0.0059522868873829755,1.354,0.169,2.593,0.153,0.549,0.074,8.907,0.224,2.788,0.244,0.945,0.049,10.304,0.043,10.551,0.024
107,NGC  2415,07 36 56.730,+35 14 31.04,0.005437923050822109,1.639,0.154,2.92,0.218,0.558,0.079,9.215,0.316,3.013,0.263,0.941,0.071,10.366,0.04,10.504,0.019
108,NGC  3256,10 27 51.284,-43 54 13.55,0.003934206173708418,2.025,0.154,3.494,0.221,0.721,0.077,9.792,0.263,3.623,0.231,0.81,0.062,10.456,0.033,10.511,0.019
113,NGC  3557,11 09 57.653,-37 32 21.02,0.004407364176330737,0.146,0.281,1.433,0.231,0.045,0.093,6.804,0.457,0.869,0.227,1.392,0.051,9.817,0.147,10.156,0.221
115,NGC  3620,11 16 04.680,-76 12 58.74,0.002425264677901354,0.695,0.167,2.013,0.226,0.287,0.079,7.928,0.321,1.74,0.337,1.15,0.093,10.097,0.07,10.503,0.046
117,NGC  3683,11 27 31.890,+56 52 36.15,0.002468450128332524,0.91,0.181,2.218,0.181,0.373,0.082,8.295,0.296,2.109,0.303,1.072,0.07,10.176,0.06,10.526,0.03
118,NGC  3690,11 28 31.326,+58 33 41.80,0.004493337547274315,2.056,0.162,3.595,0.233,0.68,0.079,9.656,0.368,3.644,0.254,0.847,0.076,10.461,0.035,10.492,0.013
120,NGC  3885,11 46 46.509,-27 55 19.85,0.0025979807199085943,0.474,0.138,1.985,0.235,0.264,0.076,7.548,0.268,1.506,0.341,1.175,0.092,10.026,0.069,10.514,0.062
121,NGC  3949,11 53 41.7329,+47 51 31.426,0.0011710149414006937,0.15,0.178,1.358,0.32,0.091,0.084,6.959,0.249,0.832,0.199,1.384,0.075,9.84,0.094,10.275,0.177
122,NGC  4027,11 59 30.168,-19 15 54.62,0.002425264677901354,0.82,0.17,2.143,0.19,0.34,0.08,8.152,0.297,1.971,0.307,1.099,0.075,10.146,0.062,10.52,0.035
123,NGC  4038,12 01 53.002,-18 52 03.32,0.002382074932760771,1.126,0.186,2.331,0.173,0.413,0.08,8.581,0.298,2.325,0.296,1.046,0.068,10.234,0.054,10.514,0.025
124,NGC  4039,12 01 53.8,-18 53 06,0.002382074932760771,1.396,0.181,2.614,0.202,0.458,0.081,8.792,0.371,2.605,0.311,1.029,0.075,10.301,0.049,10.496,0.018
127,NGC  4102,12 06 23.115,+52 42 39.42,0.001214325286178867,0.146,0.12,1.553,0.313,0.134,0.079,6.886,0.206,0.88,0.215,1.368,0.076,9.843,0.082,10.351,0.151
128,NGC  4125,12 08 06.017,+65 10 26.88,0.0019499410842679383,-0.705,0.24,1.008,0.126,-0.24,0.075,6.141,0.293,0.573,0.048,1.434,0.015,9.375,0.172,9.316,0.29
131,NGC  4194,12 14 09.615,+54 31 35.93,0.0036328370044082896,1.218,0.19,2.413,0.186,0.405,0.08,8.602,0.352,2.362,0.307,1.063,0.072,10.255,0.054,10.497,0.02
140,NGC  4355,12 26 54.628,-00 52 39.51,0.003158833950862062,-0.233,0.267,1.146,0.128,-0.085,0.106,6.386,0.401,0.65,0.073,1.444,0.021,9.631,0.162,9.848,0.289
141,NGC  4449,12 28 11.118,+44 05 36.81,0.00030389978481245835,-1.038,0.201,0.829,0.143,-0.385,0.084,5.975,0.157,0.538,0.051,1.418,0.007,9.169,0.169,9.01,0.263
143,NGC  4490,12 30 36.368,+41 38 37.07,0.0008243766056055041,0.049,0.231,1.186,0.226,0.034,0.095,6.827,0.335,0.749,0.158,1.416,0.051,9.791,0.119,10.147,0.221
148,NGC  4589,12 37 25.0,+74 11 31,0.0028569260611206074,-0.466,0.254,1.109,0.117,-0.175,0.093,6.176,0.36,0.604,0.047,1.449,0.013,9.5,0.169,9.592,0.298
151,NGC  4670,12 45 17.150,+27 07 31.76,0.0015606526425729409,-0.071,0.25,1.144,0.157,-0.019,0.1,6.626,0.376,0.696,0.115,1.432,0.033,9.727,0.136,10.021,0.246
152,NGC  4691,12 48 13.60,-03 19 57.7,0.001603924149797819,0.385,0.167,1.693,0.33,0.184,0.079,7.355,0.299,1.178,0.341,1.278,0.108,9.964,0.084,10.432,0.111
156,NGC  4945,13 05 27.279,-49 28 04.44,0.0008243766056055041,0.562,0.159,2.216,0.12,0.38,0.066,7.755,0.261,1.96,0.299,1.084,0.05,10.107,0.059,10.575,0.025
159,NGC  5322,13 49 15.24,+60 11 25.8,0.002554808148482495,-0.422,0.256,1.072,0.102,-0.161,0.1,6.278,0.339,0.613,0.049,1.444,0.012,9.534,0.157,9.648,0.301
162,M 101,14 03 12.583,+54 20 55.50,0.00034729668536350247,-1.195,0.194,0.773,0.143,-0.425,0.075,5.851,0.162,0.51,0.047,1.416,0.01,9.036,0.179,8.889,0.272
164,NGC  5713,14 40 11.528,-00 17 21.16,0.002727472689829794,1.151,0.181,2.397,0.164,0.459,0.081,8.646,0.256,2.455,0.281,1.009,0.058,10.247,0.049,10.535,0.027
168,NGC  5937,15 30 46.1177,-02 49 46.042,0.004063300397667094,1.424,0.159,2.64,0.162,0.558,0.074,9.003,0.22,2.844,0.237,0.939,0.051,10.319,0.04,10.542,0.025
171,NGC  6156,16 34 52.5471,-60 37 07.858,0.00475115559100102,1.575,0.158,2.804,0.2,0.6,0.076,9.21,0.218,3.027,0.238,0.906,0.055,10.355,0.039,10.537,0.023
175,NGC  6286,16 58 31.381,+58 56 10.21,0.00791839064559897,1.546,0.162,2.784,0.166,0.631,0.071,9.114,0.217,3.079,0.225,0.886,0.048,10.355,0.039,10.56,0.022
179,NGC  6753,19 11 23.635,-57 02 58.44,0.004493337547274315,1.1,0.189,2.493,0.12,0.52,0.07,8.536,0.247,2.612,0.251,0.972,0.046,10.254,0.047,10.573,0.022
185,NGC  6946,20 34 52.332,+60 09 13.24,0.00047746137445523157,-0.889,0.205,0.964,0.133,-0.352,0.112,5.954,0.158,0.59,0.051,1.426,0.01,9.281,0.139,9.289,0.263
193,NGC  7552,23 16 10.767,-42 35 05.39,0.002295682554933967,1.146,0.178,2.379,0.162,0.446,0.078,8.636,0.262,2.418,0.277,1.019,0.059,10.244,0.049,10.529,0.026
194,NGC  7582,23 18 23.621,-42 22 14.06,0.002295682554933967,1.02,0.189,2.229,0.173,0.364,0.081,8.398,0.34,2.142,0.304,1.088,0.077,10.201,0.06,10.503,0.027
195,NGC  7714,23 36 14.099,+02 09 18.07,0.004020273253241628,1.294,0.188,2.524,0.182,0.407,0.078,8.569,0.404,2.419,0.31,1.073,0.075,10.273,0.053,10.488,0.016
196,NGC  7771,23 51 24.880,+20 06 42.57,0.006166425485431406,1.601,0.158,2.839,0.178,0.645,0.072,9.188,0.216,3.133,0.225,0.876,0.05,10.366,0.038,10.556,0.023
202,UGC  2238,02 46 17.482,+13 05 44.33,0.009238370968466431,1.963,0.15,3.37,0.212,0.728,0.075,9.743,0.213,3.555,0.221,0.803,0.054,10.447,0.033,10.528,0.021
204,UGC  2855,03 48 20.731,+70 07 58.37,0.0017337128090005314,0.545,0.151,2.125,0.174,0.322,0.076,7.7,0.279,1.751,0.334,1.121,0.07,10.072,0.066,10.546,0.04
205,Mrk    3,06 15 36.458,+71 02 15.24,0.005823753029027543,0.983,0.232,2.344,0.169,0.286,0.075,7.901,0.45,1.945,0.309,1.192,0.075,10.172,0.085,10.456,0.048
206,UGCA 116,05 55 42.645,+03 23 32.23,0.0011277002770349424,-0.064,0.281,1.259,0.171,-0.02,0.102,6.536,0.438,0.72,0.137,1.429,0.035,9.718,0.159,10.004,0.262
235,SDP 81,09 03 11.574,+00 39 06.55,0.6067037413336743,3.373,0.146,5.906,0.196,-0.763,0.081,12.226,0.18,5.244,0.178,0.449,0.042,11.032,0.007,10.492,0.011
282,NAME Eyelash,21 35 11.60,-01 02 52.0,0.5224442335063199,3.218,0.159,5.806,0.21,-0.294,0.081,12.428,0.133,5.152,0.204,0.491,0.046,10.997,0.014,10.483,0.004
285,SDP 81,09 03 11.574,+00 39 06.55,0.6063813651106049,3.414,0.149,5.967,0.205,-0.757,0.083,12.25,0.183,5.299,0.187,0.438,0.043,11.034,0.007,10.492,0.012
316,NGC  1056,02 42 48.287,+28 34 27.36,0.0022524799205384093,0.423,0.141,2.019,0.202,0.276,0.074,7.471,0.27,1.508,0.333,1.171,0.086,10.018,0.069,10.528,0.06
317,Mrk 1066,02 59 58.5970,+36 49 13.808,0.005180512503780314,1.017,0.183,2.343,0.155,0.432,0.078,8.471,0.264,2.329,0.277,1.026,0.054,10.214,0.053,10.543,0.027
318,Mrk 1073,03 15 01.406,+42 02 08.39,0.010002974127059696,1.93,0.146,3.34,0.213,0.698,0.076,9.704,0.223,3.494,0.224,0.824,0.057,10.439,0.033,10.52,0.021
319,Mrk 1506,04 33 11.0958,+05 21 15.617,0.014100321519620544,1.835,0.167,3.316,0.238,0.565,0.076,9.182,0.411,3.279,0.287,0.949,0.081,10.414,0.041,10.484,0.009
320,Mrk    3,06 15 36.458,+71 02 15.24,0.005823753029027543,0.937,0.199,2.165,0.173,0.308,0.079,8.182,0.404,1.962,0.311,1.143,0.085,10.168,0.071,10.482,0.034
321,UGC  5101,09 35 51.599,+61 21 11.33,0.016782712486840747,1.957,0.153,3.327,0.209,0.746,0.074,9.686,0.215,3.573,0.217,0.788,0.052,10.449,0.034,10.543,0.022
322,NGC  3227,10 23 30.57,+19 51 54.3,0.0016904542321528522,0.053,0.109,1.457,0.259,0.116,0.073,6.696,0.171,0.774,0.157,1.415,0.047,9.792,0.077,10.309,0.155
323,NGC  3516,11 06 47.4596,+72 34 07.189,0.003805073565025172,0.083,0.218,1.221,0.253,0.047,0.091,6.889,0.308,0.773,0.168,1.408,0.057,9.805,0.11,10.181,0.208
324,NGC  3982,11 56 28.1380,+55 07 30.842,0.001603924149797819,0.039,0.082,1.639,0.209,0.169,0.057,6.736,0.174,0.884,0.221,1.414,0.063,9.852,0.072,10.454,0.113
325,NGC  4051,12 03 09.6098,+44 31 52.693,0.00099773035779373,-0.665,0.168,0.951,0.09,-0.13,0.067,5.796,0.169,0.57,0.069,1.457,0.015,9.348,0.108,9.614,0.092
326,NGC  4151,12 10 32.5771,+39 24 21.057,0.0014308122463983271,-0.261,0.229,1.061,0.12,-0.077,0.11,6.499,0.157,0.665,0.047,1.43,0.012,9.624,0.106,9.884,0.275
327,NGC  4388,12 25 46.820,+12 39 43.45,0.0036328370044082896,1.199,0.181,2.395,0.173,0.439,0.08,8.695,0.285,2.436,0.293,1.026,0.065,10.255,0.051,10.517,0.025
328,NGC  4507,12 35 36.6328,-39 54 33.661,0.005094675072548571,0.769,0.168,2.158,0.192,0.34,0.08,8.088,0.292,1.957,0.308,1.095,0.071,10.134,0.062,10.529,0.037
329,IC 3639,12 40 52.8357,-36 45 21.046,0.0047081965443362675,1.147,0.179,2.449,0.14,0.487,0.075,8.636,0.24,2.531,0.258,0.989,0.05,10.252,0.047,10.552,0.026
330,NGC  5256,13 38 17.8,+48 16 41,0.011950866059398412,2.092,0.152,3.588,0.208,0.744,0.077,9.914,0.237,3.722,0.218,0.784,0.059,10.474,0.032,10.514,0.019
331,ICRF J134733.3+121724,13 47 33.3616,+12 17 24.240,0.04987671987388202,2.023,0.148,3.541,0.207,0.664,0.074,9.918,0.252,3.617,0.215,0.809,0.058,10.479,0.035,10.507,0.018
332,ESO 445-50,13 49 19.2607,-30 18 34.224,0.006936451364292736,0.619,0.206,1.853,0.225,0.201,0.078,7.653,0.431,1.475,0.352,1.252,0.094,10.044,0.095,10.429,0.093
333,NGC  5506,14 13 14.901,-03 12 27.22,0.002684312989729358,0.536,0.187,1.762,0.286,0.205,0.081,7.596,0.373,1.379,0.373,1.252,0.108,10.021,0.088,10.443,0.093
334,NGC  5728,14 42 23.928,-17 15 11.41,0.004063300397667094,0.983,0.187,2.235,0.173,0.377,0.081,8.402,0.305,2.162,0.299,1.069,0.069,10.195,0.059,10.517,0.029
335,7C 1821+6419,18 21 57.2365,+64 20 36.226,0.11293997608408006,2.746,0.168,4.894,0.199,0.717,0.078,10.84,0.313,4.615,0.195,0.733,0.081,10.686,0.03,10.479,0.004
336,ESO 103-35,18 38 20.3207,-65 25 39.142,0.005738042651424855,-0.052,0.227,1.124,0.183,-0.01,0.1,6.728,0.285,0.708,0.1,1.426,0.034,9.733,0.117,10.052,0.24
337,ESO 140-43,18 44 53.9893,-62 21 52.871,0.006123606211854377,0.463,0.171,1.762,0.312,0.2,0.08,7.509,0.322,1.308,0.365,1.248,0.11,9.994,0.083,10.45,0.096
338,Mrk  509,20 44 09.7504,-10 43 24.724,0.014688511872337618,1.617,0.153,2.879,0.212,0.57,0.078,9.29,0.252,3.03,0.246,0.919,0.062,10.364,0.04,10.518,0.022
339,NGC  7130,21 48 19.490,-34 57 04.73,0.006979190574276864,1.474,0.175,2.75,0.135,0.646,0.065,8.945,0.229,3.103,0.227,0.878,0.047,10.349,0.04,10.578,0.019
340,NGC  7172,22 02 01.897,-31 52 11.60,0.003762020828246102,0.771,0.17,2.296,0.133,0.409,0.072,8.095,0.265,2.164,0.279,1.05,0.048,10.159,0.055,10.564,0.027
341,NGC  7582,23 18 23.621,-42 22 14.06,0.002295682554933967,0.994,0.183,2.28,0.167,0.403,0.079,8.425,0.279,2.23,0.287,1.049,0.062,10.202,0.055,10.53,0.028
404,NAME Leo Dwarf Irregular Galaxy,09 59 26.46,+30 44 47.0,8.685021164894766e-05,-2.236,0.076,0.83,0.083,1.225,0.101,3.452,0.122,0.517,0.019,1.373,0.012,7.92,0.023,8.483,0.012
405,NAME Sextans B,10 00 00.8201,+05 20 09.572,0.00013026880522704664,-2.026,0.05,0.932,0.053,0.834,0.118,3.42,0.077,0.524,0.028,1.351,0.01,7.874,0.026,8.497,0.032
407,UGC  8091,12 58 40.1930,+14 13 00.737,0.00021709297223018438,-1.957,0.04,0.773,0.063,0.532,0.119,3.57,0.092,0.438,0.032,1.4,0.03,7.901,0.034,8.56,0.074
408,NAME WLM Galaxy,00 01 57.9,-15 27 50,8.685021164894766e-05,-2.05,0.045,0.983,0.047,0.819,0.125,3.371,0.052,0.522,0.029,1.342,0.01,7.852,0.024,8.467,0.023
833,Mrk 1506,04 33 11.0958,+05 21 15.617,0.014100321519620544,1.729,0.17,3.153,0.229,0.527,0.077,9.029,0.421,3.098,0.297,0.981,0.081,10.388,0.043,10.484,0.009
834,NAME Hya A,09 18 05.651,-12 05 43.99,0.022758194236769485,1.026,0.181,2.401,0.14,0.439,0.076,8.527,0.252,2.417,0.264,1.01,0.049,10.22,0.053,10.553,0.027
835,3C 234.0,10 01 49.5226,+28 47 08.913,0.07368169947628338,2.124,0.16,3.838,0.211,0.595,0.075,9.822,0.376,3.76,0.229,0.846,0.076,10.519,0.038,10.482,0.007
840,NAME Cyg A,19 59 28.3564,+40 44 02.096,0.023705042622037376,2.133,0.154,3.717,0.21,0.697,0.078,9.88,0.333,3.765,0.222,0.809,0.07,10.488,0.033,10.495,0.014
843,2MASX J07032858-6016441,07 03 28.588,-60 16 44.11,0.0133007868568877,1.793,0.151,3.098,0.21,0.689,0.075,9.483,0.214,3.352,0.221,0.834,0.053,10.411,0.036,10.544,0.022
844,IC 4553,15 34 57.2239,+23 30 11.608,0.007790437445978629,1.381,0.174,2.644,0.143,0.581,0.072,8.909,0.228,2.885,0.239,0.923,0.047,10.316,0.042,10.563,0.023
845,NAME Centaurus A,13 25 27.6150,-43 01 08.805,0.0007810273534955295,0.232,0.111,1.876,0.218,0.232,0.072,7.106,0.234,1.201,0.298,1.27,0.099,9.939,0.074,10.501,0.089
846,NAME Circinus Galaxy,14 13 09.906,-65 20 20.47,0.0006075870628903731,0.392,0.137,1.935,0.25,0.247,0.077,7.389,0.267,1.376,0.341,1.205,0.097,9.994,0.073,10.505,0.076
849,ESO 103-35,18 38 20.3207,-65 25 39.142,0.005738042651424855,-0.07,0.224,1.111,0.165,-0.018,0.098,6.702,0.287,0.699,0.09,1.429,0.03,9.724,0.116,10.034,0.235
850,ESO 140-43,18 44 53.9893,-62 21 52.871,0.006123606211854377,0.489,0.181,1.738,0.305,0.195,0.081,7.542,0.348,1.322,0.368,1.256,0.109,10.001,0.087,10.44,0.102
851,ESO 141-55,19 21 14.1471,-58 40 12.981,0.015820634262069203,1.207,0.177,2.474,0.151,0.48,0.077,8.76,0.24,2.576,0.263,0.984,0.051,10.264,0.048,10.544,0.026
853,ESO 339-11,19 57 37.522,-37 56 08.61,0.008259414991275256,1.642,0.155,2.889,0.187,0.654,0.071,9.254,0.214,3.179,0.219,0.868,0.049,10.376,0.037,10.553,0.022
854,ESO 420-13,04 13 49.699,-32 00 25.20,0.005137595908863903,1.16,0.177,2.472,0.137,0.5,0.075,8.648,0.236,2.574,0.256,0.981,0.048,10.258,0.047,10.556,0.025
856,ESO 541-12,01 02 17.3704,-19 40 08.639,0.023910606350920537,1.291,0.177,2.5,0.181,0.452,0.08,8.897,0.272,2.58,0.283,0.998,0.062,10.279,0.051,10.519,0.024
857,ESO 602-25,22 31 25.474,-19 02 04.27,0.010723865391773066,1.783,0.156,3.072,0.209,0.697,0.075,9.438,0.214,3.354,0.224,0.832,0.052,10.408,0.036,10.55,0.022
858,FRL   49,18 36 58.2344,-59 24 08.288,0.008600171761917567,0.99,0.176,2.3,0.159,0.404,0.078,8.445,0.266,2.255,0.275,1.042,0.057,10.202,0.054,10.534,0.029
860,IC  342,03 46 48.514,+68 05 45.98,0.00034729668536350247,-0.286,0.164,1.074,0.083,-0.033,0.083,6.259,0.133,0.618,0.061,1.455,0.017,9.59,0.082,9.933,0.208
861,IC 3639,12 40 52.8357,-36 45 21.046,0.0047081965443362675,1.102,0.18,2.404,0.146,0.463,0.077,8.582,0.249,2.449,0.266,1.005,0.052,10.238,0.049,10.546,0.027
862,ESO 445-50,13 49 19.2607,-30 18 34.224,0.006936451364292736,0.621,0.211,1.89,0.209,0.192,0.075,7.584,0.445,1.461,0.339,1.265,0.084,10.04,0.098,10.414,0.096
864,NGC  7130,21 48 19.490,-34 57 04.73,0.006979190574276864,1.415,0.177,2.708,0.125,0.63,0.064,8.879,0.227,3.036,0.224,0.891,0.045,10.335,0.04,10.579,0.018
865,IC 5298,23 16 00.6756,+25 33 24.081,0.011739561388318437,1.359,0.175,2.652,0.126,0.589,0.065,8.862,0.233,2.917,0.224,0.916,0.044,10.317,0.041,10.571,0.021
866,ZW  III  35,01 44 30.516,+17 06 09.18,0.011739561388318437,1.145,0.178,2.437,0.148,0.47,0.077,8.662,0.242,2.511,0.264,0.995,0.052,10.249,0.049,10.547,0.027
868,2MASX J00215355-7910077,00 21 53.5520,-79 10 08.021,0.030518764843542486,2.268,0.156,3.833,0.201,0.791,0.075,10.19,0.218,3.953,0.199,0.73,0.055,10.52,0.031,10.515,0.018
869,2MASX J00535615-7038045,00 53 56.152,-70 38 04.58,0.028937077070677997,1.371,0.171,2.586,0.193,0.457,0.079,8.991,0.286,2.657,0.28,0.993,0.064,10.3,0.049,10.511,0.023
874,LEDA   17155,05 21 01.3987,-25 21 45.269,0.01811772059100026,1.315,0.172,2.573,0.148,0.526,0.075,8.89,0.228,2.748,0.249,0.952,0.049,10.295,0.045,10.551,0.025
875,LEDA   90054,07 03 24.2520,-60 15 22.465,0.013385017749685424,1.318,0.176,2.59,0.144,0.545,0.073,8.862,0.232,2.785,0.247,0.943,0.048,10.299,0.045,10.558,0.024
884,2MASX J13150638-5509225,13 15 06.383,-55 09 22.60,0.013174409878867104,2.038,0.147,3.444,0.199,0.775,0.07,9.796,0.209,3.677,0.203,0.768,0.05,10.465,0.031,10.54,0.021
886,LEDA  101275,13 37 18.7198,+24 23 03.320,0.04438294707353685,1.828,0.157,3.295,0.229,0.558,0.077,9.465,0.376,3.298,0.261,0.907,0.075,10.426,0.041,10.491,0.014
890,LEDA   60189,17 23 21.943,-00 17 00.96,0.018201022496291276,2.209,0.156,3.714,0.203,0.804,0.071,10.071,0.21,3.886,0.201,0.734,0.053,10.501,0.03,10.526,0.02
891,7C 1821+6419,18 21 57.2365,+64 20 36.226,0.11293997608408006,2.715,0.168,4.956,0.188,0.673,0.08,10.71,0.306,4.674,0.204,0.786,0.078,10.68,0.031,10.478,0.009
894,2MASX J22041914+0333511,22 04 19.1625,+03 33 51.257,0.02575631453441398,1.746,0.155,3.087,0.231,0.602,0.08,9.493,0.265,3.214,0.247,0.884,0.064,10.4,0.04,10.515,0.021
896,LEDA   90429,23 39 01.274,+36 21 08.77,0.02714566577434137,1.966,0.149,3.395,0.209,0.706,0.075,9.796,0.217,3.556,0.218,0.803,0.055,10.455,0.034,10.525,0.021
898,Mrk 1502,00 53 34.9326,+12 41 35.927,0.02579724131029153,1.683,0.15,2.97,0.211,0.613,0.076,9.411,0.216,3.171,0.227,0.879,0.055,10.386,0.039,10.533,0.024
899,M  74,01 36 41.772,+15 47 00.46,0.0009543984064578864,-0.786,0.202,1.03,0.067,-0.239,0.117,5.832,0.176,0.616,0.042,1.439,0.011,9.317,0.12,9.514,0.158
900,M  82,09 55 52.430,+69 40 46.93,0.000390689249910088,0.751,0.176,2.017,0.215,0.291,0.08,7.995,0.342,1.783,0.333,1.152,0.095,10.115,0.071,10.496,0.047
901,M  83,13 37 00.919,-29 51 56.74,0.0007376737740332033,0.254,0.113,1.874,0.23,0.229,0.074,7.137,0.238,1.204,0.304,1.262,0.099,9.942,0.075,10.495,0.092
902,M  95,10 43 57.6917,+11 42 13.627,0.0011277002770349424,-0.081,0.093,1.292,0.218,0.083,0.056,6.473,0.146,0.635,0.117,1.47,0.029,9.741,0.077,10.279,0.157
903,MCG+04-48-002,20 28 35.061,+25 44 00.18,0.005995123054691285,1.628,0.161,2.868,0.195,0.646,0.076,9.237,0.216,3.15,0.235,0.874,0.053,10.371,0.039,10.551,0.023
905,MCG-03-34-064,13 22 24.485,-16 43 42.09,0.007107382974057389,0.782,0.185,2.016,0.19,0.268,0.077,8.002,0.382,1.769,0.322,1.174,0.093,10.116,0.075,10.478,0.046
906,MCG-05-12-006,04 52 04.9577,-32 59 25.713,0.00808893629157747,0.838,0.181,2.355,0.119,0.436,0.071,8.202,0.265,2.295,0.267,1.029,0.046,10.182,0.055,10.571,0.023
909,Mrk 1066,02 59 58.5970,+36 49 13.808,0.005180512503780314,1.038,0.179,2.349,0.159,0.435,0.079,8.501,0.258,2.347,0.279,1.024,0.056,10.219,0.052,10.541,0.028
910,Mrk 1073,03 15 01.406,+42 02 08.39,0.010002974127059696,1.933,0.148,3.347,0.217,0.697,0.077,9.708,0.232,3.497,0.228,0.824,0.058,10.439,0.034,10.518,0.021
912,Mrk  231,12 56 14.2340,+56 52 25.238,0.017951068830742274,1.734,0.156,3.013,0.205,0.674,0.073,9.39,0.22,3.295,0.219,0.844,0.051,10.399,0.037,10.551,0.023
913,Mrk  266B,13 38 17.3501,+48 16 31.903,0.011824095594308588,2.106,0.151,3.625,0.21,0.735,0.076,9.915,0.266,3.737,0.216,0.79,0.061,10.477,0.032,10.508,0.018
914,Mrk  273,13 44 42.164,+55 53 13.53,0.016113666358908457,2.025,0.15,3.501,0.21,0.713,0.076,9.841,0.245,3.626,0.222,0.804,0.059,10.462,0.033,10.513,0.019
915,Mrk    3,06 15 36.458,+71 02 15.24,0.005823753029027543,1.001,0.197,2.216,0.173,0.333,0.079,8.304,0.382,2.062,0.307,1.118,0.081,10.19,0.066,10.49,0.027
918,Mrk  463E,13 56 02.886,+18 22 18.84,0.021189299069938092,2.062,0.158,3.641,0.222,0.654,0.076,9.666,0.379,3.655,0.244,0.853,0.077,10.471,0.035,10.488,0.011
920,Mrk  509,20 44 09.7504,-10 43 24.724,0.014688511872337618,1.665,0.149,2.954,0.216,0.577,0.076,9.341,0.259,3.085,0.241,0.914,0.063,10.376,0.038,10.513,0.021
930,NGC    34,00 11 06.612,-12 06 28.33,0.008429826797229934,1.354,0.167,2.586,0.157,0.538,0.075,8.918,0.223,2.771,0.248,0.95,0.051,10.303,0.043,10.547,0.025
931,M  77,02 42 40.771,-00 00 47.84,0.0016471913460381594,1.237,0.178,2.434,0.172,0.46,0.079,8.745,0.269,2.504,0.285,1.011,0.061,10.266,0.048,10.522,0.025
932,NGC  1097,02 46 19.059,-30 16 29.68,0.001820217038328099,0.547,0.158,2.217,0.112,0.382,0.063,7.735,0.257,1.97,0.294,1.083,0.05,10.107,0.058,10.578,0.023
935,NGC  1266,03 16 00.749,-02 25 38.53,0.003115717099806224,0.37,0.149,1.75,0.32,0.193,0.079,7.335,0.277,1.196,0.338,1.264,0.108,9.961,0.08,10.448,0.105
936,3C  84,03 19 48.1597,+41 30 42.114,0.007577098304338679,1.065,0.187,2.522,0.104,0.541,0.06,8.453,0.24,2.716,0.231,0.954,0.043,10.263,0.045,10.588,0.015
937,NGC  1365,03 33 36.458,-36 08 26.37,0.002382074932760771,1.296,0.175,2.562,0.144,0.547,0.074,8.809,0.23,2.746,0.249,0.95,0.049,10.292,0.044,10.557,0.024
938,NGC  1386,03 36 46.238,-35 59 57.39,0.0012576313122309249,-0.407,0.207,1.07,0.075,-0.121,0.115,6.283,0.138,0.654,0.038,1.436,0.013,9.546,0.093,9.76,0.26
939,NGC  1614,04 34 00.027,-08 34 44.57,0.006850960324271947,1.979,0.148,3.432,0.214,0.697,0.077,9.734,0.266,3.552,0.229,0.826,0.063,10.448,0.033,10.509,0.019
940,NGC  1808,05 07 42.343,-37 30 46.98,0.0014308122463983271,0.829,0.177,2.339,0.127,0.437,0.072,8.173,0.261,2.265,0.272,1.033,0.047,10.18,0.053,10.569,0.025
942,NGC  1961,05 42 04.775,+69 22 42.17,0.005652315355074011,0.63,0.173,2.296,0.104,0.424,0.058,7.869,0.256,2.22,0.28,1.046,0.046,10.153,0.055,10.592,0.013
943,NGC  2146,06 18 37.710,+78 21 25.27,0.001300933020418072,1.407,0.173,2.612,0.186,0.542,0.08,8.979,0.243,2.791,0.268,0.952,0.058,10.312,0.044,10.535,0.025
944,NGC   253,00 47 33.134,-25 17 19.68,0.00034729668536350247,0.102,0.108,1.554,0.278,0.14,0.075,6.79,0.19,0.844,0.197,1.39,0.065,9.827,0.078,10.358,0.149
945,NGC  2841,09 22 02.655,+50 58 35.32,0.0009110621312232844,-1.321,0.184,0.87,0.097,-0.222,0.157,5.081,0.241,0.532,0.048,1.446,0.01,8.819,0.17,9.232,0.126
947,M  81,09 55 33.1730,+69 03 55.060,0.000390689249910088,-1.461,0.172,0.802,0.095,-0.13,0.159,4.824,0.251,0.502,0.047,1.453,0.012,8.653,0.16,9.152,0.075
949,NGC  3180,10 18 16.985,+41 25 27.77,0.0008677215312269133,-0.965,0.186,0.923,0.077,-0.147,0.052,5.404,0.238,0.572,0.051,1.451,0.01,9.109,0.155,9.442,0.124
950,NGC  3198,10 19 54.990,+45 32 58.88,0.0009543984064578864,-0.695,0.188,1.005,0.072,-0.165,0.094,5.826,0.175,0.604,0.055,1.449,0.013,9.348,0.109,9.593,0.111
951,NGC  3227,10 23 30.57,+19 51 54.3,0.0016904542321528522,-0.098,0.162,1.202,0.177,0.026,0.083,6.515,0.15,0.683,0.063,1.438,0.02,9.693,0.081,10.11,0.182
952,NGC  3256,10 27 51.284,-43 54 13.55,0.004063300397667094,2.041,0.151,3.482,0.207,0.757,0.077,9.829,0.22,3.661,0.22,0.785,0.056,10.461,0.032,10.525,0.021
954,NGC  3516,11 06 47.4596,+72 34 07.189,0.003805073565025172,0.088,0.23,1.219,0.241,0.044,0.091,6.884,0.344,0.778,0.184,1.407,0.057,9.807,0.116,10.173,0.209
955,NGC  3621,11 18 16.300,-32 48 45.36,0.0010410579860935677,-0.23,0.148,1.085,0.099,-0.005,0.075,6.299,0.131,0.607,0.063,1.459,0.018,9.619,0.079,10.008,0.193
956,M  66,11 20 15.026,+12 59 28.64,0.0010410579860935677,-0.36,0.145,1.003,0.086,-0.041,0.068,6.14,0.127,0.573,0.075,1.464,0.019,9.545,0.082,9.868,0.191
957,NGC  3783,11 39 01.7095,-37 44 19.008,0.004192356259714267,0.386,0.156,1.744,0.326,0.192,0.079,7.371,0.284,1.212,0.343,1.262,0.109,9.966,0.081,10.445,0.106
958,NGC  3938,11 52 49.453,+44 07 14.63,0.0011710149414006937,-0.478,0.212,1.061,0.078,-0.153,0.122,6.219,0.14,0.647,0.04,1.436,0.013,9.51,0.099,9.682,0.264
959,NGC  3982,11 56 28.1380,+55 07 30.842,0.001603924149797819,0.066,0.087,1.676,0.213,0.179,0.061,6.784,0.186,0.927,0.236,1.395,0.073,9.862,0.074,10.459,0.114
960,NGC  4051,12 03 09.6098,+44 31 52.693,0.00099773035779373,-0.739,0.182,0.979,0.078,-0.161,0.079,5.742,0.182,0.591,0.058,1.451,0.013,9.306,0.115,9.58,0.089
961,NGC  4151,12 10 32.5771,+39 24 21.057,0.0014308122463983271,-0.288,0.226,1.045,0.11,-0.092,0.108,6.49,0.159,0.66,0.046,1.43,0.011,9.613,0.105,9.85,0.274
963,NGC  4388,12 25 46.820,+12 39 43.45,0.0036328370044082896,1.171,0.188,2.368,0.177,0.424,0.081,8.647,0.304,2.383,0.3,1.038,0.067,10.246,0.054,10.514,0.024
964,NGC  4355,12 26 54.628,-00 52 39.51,0.003158833950862062,-0.077,0.201,1.158,0.212,-0.0,0.096,6.659,0.178,0.707,0.079,1.424,0.027,9.712,0.097,10.072,0.219
966,NGC  4507,12 35 36.6328,-39 54 33.661,0.005094675072548571,0.798,0.164,2.167,0.187,0.345,0.079,8.136,0.284,1.986,0.3,1.091,0.07,10.142,0.06,10.528,0.034
967,NGC  4536,12 34 27.129,+02 11 16.37,0.0025979807199085943,1.235,0.174,2.493,0.151,0.509,0.077,8.746,0.23,2.623,0.262,0.975,0.052,10.273,0.045,10.548,0.026
969,NGC  4559,12 35 57.6399,+27 57 35.859,0.0011710149414006937,-0.39,0.181,1.065,0.062,-0.085,0.097,6.191,0.137,0.633,0.053,1.448,0.015,9.538,0.085,9.802,0.217
970,M  90,12 36 49.816,+13 09 46.33,0.00030389978481245835,-1.252,0.173,0.842,0.07,-0.055,0.08,4.963,0.277,0.542,0.042,1.456,0.007,8.818,0.185,9.167,0.121
971,M  58,12 37 43.597,+11 49 05.12,0.002209272988014764,0.05,0.164,1.318,0.29,0.066,0.086,6.767,0.191,0.766,0.139,1.406,0.052,9.778,0.089,10.216,0.182
972,NGC  4593,12 39 39.4435,-05 20 39.035,0.003934206173708418,-0.086,0.177,1.205,0.191,0.019,0.089,6.565,0.153,0.696,0.062,1.431,0.02,9.699,0.085,10.103,0.197
973,M 104,12 39 59.4318,-11 37 22.995,0.0014740966917327273,-0.647,0.212,1.018,0.108,-0.249,0.129,6.149,0.141,0.628,0.045,1.428,0.012,9.43,0.114,9.475,0.268
974,NGC  4631,12 42 08.009,+32 32 29.44,0.0008677215312269133,0.226,0.13,1.651,0.323,0.161,0.079,7.049,0.234,0.991,0.267,1.325,0.095,9.892,0.081,10.402,0.135
976,NGC  4696,12 48 49.277,-41 18 39.92,0.004278372200162453,-0.033,0.159,1.264,0.226,0.044,0.083,6.616,0.159,0.715,0.082,1.426,0.027,9.727,0.082,10.161,0.178
977,NGC  4725,12 50 26.5692,+25 30 02.737,0.0017337128090005314,-0.916,0.209,0.878,0.142,-0.354,0.094,6.061,0.155,0.564,0.053,1.419,0.008,9.26,0.16,9.122,0.266
978,M  94,12 50 53.148,+41 07 12.55,0.0004340774793185929,-0.988,0.187,0.921,0.075,-0.147,0.059,5.374,0.241,0.571,0.049,1.451,0.01,9.09,0.158,9.427,0.127
979,M  64,12 56 43.696,+21 40 57.57,0.0006075870628903731,-0.314,0.126,0.983,0.098,-0.014,0.056,6.166,0.122,0.538,0.077,1.474,0.022,9.578,0.082,9.955,0.193
980,NGC  4922,13 01 25.2660,+29 18 49.879,0.010130277215147886,1.181,0.18,2.472,0.145,0.49,0.076,8.698,0.241,2.573,0.262,0.982,0.05,10.26,0.048,10.551,0.026
982,NGC  4945,13 05 27.279,-49 28 04.44,0.0008243766056055041,0.561,0.156,2.174,0.149,0.352,0.074,7.738,0.27,1.855,0.317,1.101,0.059,10.09,0.062,10.56,0.034
983,NGC  5033,13 13 27.535,+36 35 37.14,0.0012576313122309249,0.037,0.086,1.588,0.226,0.157,0.06,6.707,0.175,0.836,0.207,1.421,0.059,9.833,0.073,10.421,0.127
984,NGC  5135,13 25 44.059,-29 50 01.24,0.005909446494558771,1.503,0.158,2.721,0.179,0.58,0.075,9.113,0.217,2.943,0.237,0.92,0.053,10.338,0.04,10.541,0.024
988,NGC  5506,14 13 14.901,-03 12 27.22,0.002684312989729358,0.577,0.184,1.813,0.269,0.219,0.08,7.669,0.373,1.454,0.368,1.234,0.107,10.039,0.086,10.454,0.085
990,NGC  5728,14 42 23.928,-17 15 11.41,0.004063300397667094,0.783,0.173,2.065,0.2,0.304,0.08,8.073,0.328,1.857,0.317,1.132,0.087,10.127,0.068,10.503,0.044
992,NGC  5990,15 46 16.39,+02 24 55.8,0.00552369267327985,1.305,0.175,2.606,0.125,0.575,0.069,8.792,0.227,2.835,0.236,0.931,0.046,10.302,0.042,10.57,0.022
993,NGC  6240,16 52 58.861,+02 24 03.55,0.01051196273721379,2.041,0.155,3.384,0.204,0.809,0.062,9.658,0.23,3.719,0.197,0.747,0.049,10.466,0.031,10.56,0.02
994,NGC  6786,19 10 53.928,+73 24 36.20,0.010723865391773066,1.68,0.156,2.935,0.193,0.665,0.074,9.3,0.212,3.229,0.224,0.857,0.051,10.385,0.037,10.554,0.022
996,NGC  6926,20 33 06.108,-02 01 39.07,0.008429826797229934,1.436,0.169,2.703,0.136,0.613,0.068,8.95,0.225,2.994,0.224,0.901,0.046,10.333,0.04,10.569,0.021
998,NGC  7172,22 02 01.897,-31 52 11.60,0.003762020828246102,0.419,0.138,2.024,0.194,0.276,0.074,7.47,0.264,1.513,0.332,1.17,0.085,10.018,0.068,10.53,0.056
1000,NGC  7314,22 35 46.1969,-26 03 01.574,0.0020796263931208716,-0.109,0.194,1.161,0.186,-0.001,0.094,6.58,0.158,0.696,0.062,1.429,0.021,9.692,0.09,10.063,0.212
1001,NGC  7469,23 03 15.674,+08 52 25.28,0.007021925578680666,1.654,0.159,2.901,0.181,0.677,0.068,9.219,0.221,3.234,0.216,0.853,0.048,10.381,0.036,10.563,0.021
1002,NGC  7582,23 18 23.621,-42 22 14.06,0.002295682554933967,0.964,0.184,2.23,0.176,0.379,0.08,8.371,0.297,2.151,0.297,1.069,0.069,10.19,0.058,10.521,0.029
1006,NGC  7674,23 27 56.6974,+08 46 44.238,0.012373167222489745,1.861,0.15,3.197,0.21,0.709,0.075,9.576,0.209,3.436,0.219,0.819,0.053,10.426,0.035,10.541,0.023
1014,ICRF J134733.3+121724,13 47 33.3616,+12 17 24.240,0.04987671987388202,2.209,0.153,3.888,0.203,0.671,0.078,9.974,0.351,3.871,0.213,0.803,0.071,10.521,0.034,10.487,0.011
1015,MCG+05-33-005,13 48 52.511,+26 35 34.84,0.026655813877043136,1.261,0.177,2.486,0.171,0.454,0.079,8.877,0.253,2.575,0.274,0.993,0.057,10.273,0.05,10.527,0.025
1017,2E  4728,23 25 19.731,-12 07 27.51,0.03462845662532034,1.231,0.181,2.598,0.111,0.538,0.062,8.729,0.241,2.838,0.228,0.933,0.044,10.295,0.045,10.579,0.02
1019,UGC  3351,05 45 47.836,+58 42 03.83,0.006423252507642979,1.615,0.16,2.857,0.174,0.661,0.07,9.179,0.22,3.178,0.223,0.865,0.049,10.371,0.037,10.562,0.022
1020,UGC  5101,09 35 51.599,+61 21 11.33,0.016782712486840747,1.937,0.149,3.301,0.202,0.738,0.072,9.669,0.208,3.545,0.212,0.794,0.051,10.445,0.033,10.543,0.022
1023,2MFGC 4194,05 08 21.211,+17 22 08.34,0.0072355375459517285,1.03,0.183,2.38,0.147,0.448,0.078,8.49,0.255,2.388,0.271,1.014,0.051,10.221,0.052,10.551,0.027
1039,2MFGC 4194,05 08 21.211,+17 22 08.34,0.0072355375459517285,0.981,0.182,2.345,0.147,0.429,0.077,8.424,0.262,2.316,0.271,1.027,0.051,10.206,0.053,10.548,0.027
1040,6dFGS gJ062723.1-471103,06 27 23.077,-47 11 02.45,0.016824493667488026,1.626,0.161,2.914,0.229,0.543,0.08,9.245,0.315,3.0,0.271,0.941,0.07,10.365,0.043,10.504,0.019
1041,2MASX J18113342+0131427,18 11 33.420,+01 31 42.75,0.012499777538308929,0.841,0.18,2.387,0.104,0.455,0.064,8.204,0.255,2.389,0.253,1.014,0.044,10.194,0.053,10.581,0.019
1042,IC 4553,15 34 57.2239,+23 30 11.608,0.00791839064559897,1.55,0.156,2.778,0.186,0.598,0.075,9.176,0.216,3.013,0.233,0.906,0.053,10.35,0.039,10.542,0.024
1043,LEDA   24552,08 44 27.2,-31 41 51,0.006979190574276864,0.948,0.184,2.417,0.11,0.474,0.067,8.35,0.253,2.442,0.248,1.003,0.044,10.215,0.05,10.573,0.021
1044,2MASX J08442894-3141307,08 44 28.949,-31 41 30.75,0.006979190574276864,0.546,0.151,2.093,0.189,0.301,0.076,7.711,0.279,1.707,0.333,1.131,0.074,10.063,0.066,10.536,0.044
1050,NGC   232,00 42 45.814,-23 33 40.69,0.00970578839051815,1.562,0.163,2.815,0.148,0.662,0.066,9.072,0.219,3.175,0.217,0.864,0.047,10.366,0.037,10.573,0.02
1052,ESO 557-1,06 31 45.747,-17 38 47.10,0.009110806132212749,1.336,0.171,2.532,0.176,0.486,0.079,8.904,0.257,2.644,0.275,0.987,0.061,10.292,0.046,10.522,0.024
1053,ESO 557-2,06 31 47.217,-17 37 17.09,0.009025742086910206,1.446,0.166,2.661,0.182,0.554,0.078,9.051,0.226,2.86,0.254,0.937,0.055,10.324,0.043,10.539,0.025
1055,ESO  99-4,15 24 58.217,-63 07 34.43,0.012541972775835845,2.061,0.151,3.5,0.203,0.767,0.073,9.866,0.205,3.696,0.212,0.77,0.053,10.469,0.032,10.531,0.021
1056,ESO 138-27,17 26 43.352,-59 55 55.17,0.008940661377087074,1.762,0.15,3.052,0.21,0.676,0.076,9.443,0.206,3.3,0.223,0.847,0.053,10.401,0.036,10.542,0.023
1057,ESO 148-2,23 15 46.772,-59 03 15.94,0.01895002150097482,2.322,0.154,3.936,0.202,0.797,0.077,10.209,0.25,4.022,0.199,0.732,0.058,10.523,0.03,10.504,0.016
1058,ESO 173-15,13 27 23.774,-57 29 22.14,0.004192356259714267,1.783,0.149,3.112,0.221,0.648,0.08,9.482,0.244,3.275,0.24,0.869,0.063,10.403,0.036,10.52,0.022
1060,ESO 221-10,13 50 56.924,-49 03 19.72,0.004364371107751033,1.493,0.159,2.722,0.166,0.602,0.073,9.066,0.216,2.978,0.23,0.908,0.049,10.339,0.039,10.553,0.024
1064,ESO 286-35,21 04 11.162,-43 35 32.51,0.007491733295335931,1.571,0.157,2.806,0.174,0.631,0.071,9.162,0.213,3.09,0.223,0.885,0.048,10.359,0.038,10.555,0.022
1065,ESO 286-19,20 58 26.8182,-42 38 59.418,0.018284308426530838,2.115,0.148,3.668,0.205,0.71,0.076,9.888,0.302,3.743,0.213,0.803,0.065,10.481,0.031,10.5,0.016
1067,ESO 320-30,11 53 11.722,-39 07 48.72,0.00466523324787711,1.062,0.186,2.503,0.107,0.531,0.064,8.466,0.239,2.648,0.24,0.966,0.044,10.254,0.046,10.582,0.018
1068,ESO 339-11,19 57 37.522,-37 56 08.61,0.008259414991275256,1.653,0.153,2.904,0.193,0.651,0.071,9.283,0.217,3.181,0.218,0.868,0.049,10.377,0.037,10.55,0.023
1069,ESO 350-38,00 36 52.489,-33 33 17.23,0.00885556399621263,1.694,0.191,3.16,0.232,0.504,0.076,8.801,0.422,3.032,0.315,1.022,0.082,10.377,0.049,10.479,0.009
1071,ESO 420-13,04 13 49.699,-32 00 25.20,0.005137595908863903,1.118,0.185,2.449,0.139,0.489,0.075,8.594,0.248,2.527,0.261,0.988,0.048,10.247,0.049,10.557,0.025
1072,ESO 453-5,16 47 31.0742,-29 21 21.126,0.008983203815471802,1.355,0.171,2.589,0.158,0.538,0.075,8.922,0.231,2.772,0.251,0.949,0.051,10.303,0.044,10.547,0.025
1073,ESO 467-27,22 14 39.9363,-27 27 50.358,0.007491733295335931,1.771,0.15,3.057,0.205,0.69,0.075,9.427,0.207,3.328,0.222,0.839,0.053,10.404,0.035,10.547,0.023
1074,ESO 507-70,13 02 52.354,-23 55 17.65,0.009323393381013472,1.546,0.158,2.774,0.186,0.594,0.076,9.176,0.217,3.006,0.236,0.908,0.053,10.349,0.04,10.541,0.024
1075,NAME the Bird,19 14 31.135,-21 19 09.00,0.020651268004341812,2.453,0.157,4.032,0.199,0.883,0.066,10.366,0.202,4.186,0.191,0.668,0.052,10.548,0.028,10.524,0.018
1077,ESO 602-25,22 31 25.474,-19 02 04.27,0.010723865391773066,1.77,0.154,3.053,0.204,0.696,0.073,9.414,0.215,3.343,0.219,0.834,0.051,10.406,0.036,10.552,0.022
1082,IC 1623,01 07 47.2,-17 30 25,0.008642747565285151,2.39,0.152,4.027,0.199,0.828,0.078,10.256,0.262,4.112,0.194,0.718,0.06,10.53,0.028,10.503,0.016
1083,IC 2545,10 06 04.581,-33 53 05.55,0.014604533436050964,1.694,0.149,2.984,0.216,0.613,0.075,9.405,0.228,3.162,0.227,0.886,0.057,10.385,0.037,10.525,0.022
1086,IC 4687,18 13 39.829,-57 43 31.25,0.00744904449774878,1.884,0.145,3.273,0.216,0.68,0.077,9.635,0.236,3.423,0.229,0.84,0.06,10.427,0.034,10.518,0.02
1087,IC 4734,18 38 25.6843,-57 29 25.085,0.006936451364292736,1.254,0.178,2.603,0.111,0.579,0.063,8.703,0.231,2.848,0.224,0.928,0.043,10.298,0.041,10.579,0.019
1088,IC 5179,22 16 09.1156,-36 50 37.102,0.004922949296525734,1.728,0.156,2.985,0.184,0.711,0.067,9.287,0.221,3.339,0.208,0.831,0.047,10.398,0.034,10.564,0.021
1089,IC 5298,23 16 00.6756,+25 33 24.081,0.011739561388318437,1.482,0.161,2.717,0.163,0.59,0.072,9.075,0.22,2.965,0.231,0.911,0.049,10.337,0.04,10.552,0.024
1090,IRAS 06076-2139,06 09 45.7859,-21 40 23.516,0.015946243657566236,1.3,0.18,2.615,0.125,0.567,0.068,8.802,0.233,2.848,0.237,0.929,0.046,10.303,0.044,10.572,0.021
1091,LEDA   90054,07 03 24.2520,-60 15 22.465,0.013385017749685424,1.193,0.179,2.497,0.137,0.501,0.072,8.717,0.239,2.616,0.249,0.974,0.047,10.266,0.047,10.556,0.024
1092,2MASX J15265942+3558372,15 26 59.442,+35 58 37.01,0.023334782538308847,1.606,0.158,2.863,0.208,0.588,0.078,9.309,0.22,3.066,0.239,0.899,0.056,10.366,0.041,10.533,0.024
1094,ZW  III  35,01 44 30.516,+17 06 09.18,0.011739561388318437,0.923,0.181,2.436,0.1,0.484,0.062,8.305,0.248,2.507,0.239,0.993,0.043,10.22,0.049,10.583,0.018
1098,ZW  VII  31,05 16 46.384,+79 40 12.63,0.022716980051030063,2.409,0.155,3.972,0.198,0.868,0.065,10.317,0.205,4.131,0.188,0.679,0.051,10.541,0.028,10.525,0.018
1100,LEDA   17155,05 21 01.3987,-25 21 45.269,0.01811772059100026,1.453,0.165,2.703,0.15,0.586,0.071,9.034,0.226,2.961,0.228,0.91,0.047,10.334,0.041,10.558,0.024
1101,IRAS 06592-6313,06 59 40.2744,-63 17 53.028,0.009875633712160119,0.726,0.171,2.329,0.104,0.426,0.063,8.033,0.257,2.252,0.264,1.038,0.043,10.163,0.054,10.581,0.019
1102,NAME IRAS F08572+3915 NW,09 00 25.364,+39 03 54.23,0.024567757196038015,1.649,0.148,2.935,0.212,0.575,0.078,9.365,0.245,3.083,0.237,0.907,0.061,10.375,0.039,10.519,0.023
1105,LEDA   33083,10 59 18.128,+24 32 34.74,0.018325945402920835,2.042,0.151,3.451,0.2,0.771,0.07,9.81,0.206,3.681,0.206,0.766,0.051,10.468,0.032,10.54,0.021
1106,LEDA   39024,12 13 46.107,+02 48 41.50,0.03072112936046204,2.18,0.151,3.634,0.196,0.805,0.063,9.979,0.217,3.857,0.19,0.725,0.05,10.503,0.03,10.541,0.021
1108,LEDA   52270,14 37 38.317,-15 00 23.97,0.034347658446848214,2.391,0.153,4.019,0.197,0.817,0.075,10.347,0.22,4.105,0.19,0.703,0.055,10.546,0.029,10.509,0.017
1110,IRAS 16164-0746,16 19 11.792,-07 54 02.61,0.011655010724778009,1.776,0.147,3.116,0.223,0.628,0.078,9.491,0.256,3.255,0.236,0.877,0.062,10.403,0.037,10.515,0.021
1113,LEDA   59896,17 14 20.478,+53 10 31.80,0.021561392037354816,2.184,0.155,3.69,0.201,0.788,0.073,10.052,0.21,3.852,0.202,0.743,0.053,10.498,0.031,10.524,0.02
1114,LEDA   59990,17 16 35.7,-10 20 38,0.00744904449774878,1.781,0.148,3.101,0.217,0.659,0.079,9.493,0.23,3.292,0.232,0.858,0.059,10.404,0.036,10.528,0.023
1115,LEDA   60189,17 23 21.943,-00 17 00.96,0.018201022496291276,2.249,0.151,3.79,0.195,0.804,0.072,10.136,0.204,3.934,0.193,0.732,0.052,10.509,0.029,10.518,0.019
1116,LEDA   84885,18 32 41.177,-34 11 27.46,0.007833092701319428,2.159,0.152,3.585,0.201,0.83,0.066,9.901,0.219,3.839,0.196,0.73,0.05,10.487,0.03,10.543,0.021
1117,LEDA   90327,19 32 22.2960,-04 00 01.793,0.035709837827861815,2.25,0.149,3.694,0.193,0.83,0.051,10.001,0.227,3.944,0.175,0.697,0.047,10.519,0.029,10.55,0.02
1118,NAME South America,22 51 49.307,-17 52 23.96,0.03253817926000665,2.315,0.167,4.143,0.209,0.671,0.074,9.792,0.367,4.025,0.234,0.85,0.083,10.533,0.035,10.479,0.004
1119,LEDA   90429,23 39 01.274,+36 21 08.77,0.02714566577434137,1.956,0.145,3.407,0.209,0.68,0.075,9.787,0.234,3.528,0.22,0.82,0.057,10.452,0.034,10.514,0.02
1120,2MASX J04023209+6020377,04 02 32.098,+60 20 37.79,0.012837224705172217,2.07,0.155,3.592,0.217,0.705,0.079,9.825,0.31,3.678,0.232,0.813,0.068,10.469,0.034,10.502,0.017
1122,2MASX J05112587+2445183,05 11 25.875,+24 45 18.31,0.009918084665901284,1.84,0.151,3.215,0.229,0.652,0.079,9.567,0.262,3.35,0.243,0.86,0.064,10.417,0.037,10.514,0.021
1125,UGC  3356,05 47 05.718,+17 33 12.76,0.00791839064559897,1.754,0.149,3.082,0.224,0.617,0.08,9.434,0.27,3.214,0.244,0.889,0.066,10.396,0.037,10.513,0.021
1126,2MASX J07273754-0254540,07 27 37.5366,-02 54 54.258,0.03646919891546247,2.177,0.153,3.842,0.205,0.667,0.077,9.838,0.369,3.826,0.221,0.824,0.076,10.505,0.033,10.486,0.01
1127,2MASX J08370182-4954302,08 37 01.827,-49 54 30.27,0.011105029815980038,2.107,0.157,3.669,0.219,0.699,0.078,9.791,0.348,3.725,0.234,0.822,0.073,10.475,0.033,10.494,0.014
1128,2MASX J09041268-3627007,09 04 12.689,-36 27 00.76,0.025141949625193453,2.648,0.151,4.45,0.192,0.876,0.08,10.585,0.271,4.447,0.186,0.665,0.063,10.59,0.026,10.492,0.012
1129,2MASX J12142211-5632332,12 14 22.0941,-56 32 33.341,0.011612729219423752,1.643,0.151,2.894,0.187,0.645,0.07,9.275,0.212,3.171,0.214,0.87,0.049,10.376,0.036,10.55,0.023
1131,2MASX J13150638-5509225,13 15 06.383,-55 09 22.60,0.013174409878867104,2.002,0.155,3.371,0.208,0.775,0.071,9.704,0.222,3.643,0.212,0.77,0.051,10.458,0.033,10.548,0.022
1132,2MFGC 14160,18 00 31.919,-04 00 53.36,0.006037954997317177,1.441,0.168,2.647,0.192,0.536,0.08,9.037,0.243,2.815,0.265,0.952,0.06,10.32,0.044,10.529,0.025
1133,2MASX J18113842+0131397,18 11 38.423,+01 31 39.75,0.012499777538308929,2.026,0.152,3.436,0.205,0.766,0.072,9.798,0.208,3.656,0.212,0.774,0.052,10.462,0.032,10.537,0.021
1135,2MASX J20371771+2531377,20 37 17.710,+25 31 37.76,0.014394516273535085,2.165,0.154,3.652,0.203,0.794,0.072,10.007,0.212,3.83,0.203,0.746,0.052,10.491,0.03,10.526,0.02
1136,2MASX J21112926+5823074,21 11 29.268,+58 23 07.49,0.016615547557177382,1.656,0.154,2.911,0.179,0.661,0.069,9.261,0.218,3.223,0.213,0.857,0.048,10.383,0.037,10.559,0.022
1138,2MASX J06272170-4710364,06 27 21.705,-47 10 36.44,0.016782712486840747,2.227,0.156,3.825,0.21,0.751,0.079,10.035,0.3,3.897,0.212,0.771,0.065,10.504,0.032,10.499,0.016
1139,2MASX J07032858-6016441,07 03 28.588,-60 16 44.11,0.0133007868568877,1.728,0.153,3.01,0.209,0.663,0.075,9.408,0.212,3.262,0.223,0.854,0.052,10.395,0.037,10.544,0.023
1140,NAME Grasshopper B,09 15 54.6722,+44 19 51.452,0.01674092728625969,0.935,0.18,2.469,0.095,0.498,0.056,8.288,0.236,2.641,0.226,0.972,0.043,10.24,0.047,10.594,0.012
1142,ESO 343-13,21 36 10.576,-38 32 42.93,0.008174184006426354,0.957,0.186,2.421,0.116,0.474,0.07,8.363,0.253,2.449,0.259,1.001,0.046,10.217,0.052,10.573,0.021
1143,LEDA   67037,21 36 11.11,-38 32 33.0,0.008387230114158836,0.862,0.177,2.289,0.153,0.397,0.077,8.252,0.272,2.181,0.281,1.05,0.053,10.173,0.057,10.549,0.029
1144,ESO  77-14,23 21 03.699,-69 13 01.24,0.017700971224116763,1.367,0.163,2.614,0.151,0.543,0.073,8.955,0.221,2.813,0.24,0.94,0.049,10.309,0.043,10.551,0.025
1145,2MASX J23210539-6912472,23 21 05.391,-69 12 47.23,0.017992737766432978,1.293,0.179,2.633,0.114,0.58,0.062,8.764,0.23,2.904,0.226,0.918,0.044,10.309,0.043,10.58,0.018
1146,MCG+02-20-003,07 35 43.416,+11 42 35.29,0.00715010536668475,1.363,0.166,2.591,0.156,0.541,0.075,8.929,0.221,2.778,0.246,0.948,0.051,10.304,0.042,10.546,0.025
1147,MCG+04-48-002,20 28 35.061,+25 44 00.18,0.005995123054691285,1.646,0.155,2.892,0.19,0.652,0.072,9.263,0.215,3.172,0.221,0.87,0.05,10.375,0.037,10.551,0.023
1151,MCG+08-11-002,05 40 43.718,+49 41 41.56,0.008259414991275256,1.535,0.164,2.779,0.163,0.633,0.071,9.09,0.221,3.079,0.225,0.886,0.048,10.353,0.039,10.562,0.023
1152,MCG+08-18-013,09 36 37.188,+48 28 27.86,0.011147360775797477,1.415,0.167,2.679,0.139,0.596,0.071,8.944,0.22,2.948,0.234,0.911,0.048,10.327,0.041,10.566,0.022
1153,MCG+12-02-001,00 54 03.943,+73 05 05.23,0.006765452451992724,2.018,0.15,3.477,0.211,0.724,0.077,9.807,0.244,3.616,0.225,0.805,0.06,10.456,0.032,10.515,0.019
1159,MCG-03-34-064,13 22 24.485,-16 43 42.09,0.007107382974057389,0.762,0.202,1.995,0.201,0.25,0.079,7.913,0.421,1.706,0.34,1.199,0.094,10.104,0.084,10.462,0.059
1160,MCG-05-12-006,04 52 04.9577,-32 59 25.713,0.00808893629157747,0.803,0.172,2.344,0.114,0.432,0.068,8.149,0.256,2.275,0.265,1.033,0.045,10.175,0.054,10.573,0.023
1161,Mrk  231,12 56 14.2340,+56 52 25.238,0.017951068830742274,1.741,0.165,3.005,0.195,0.705,0.067,9.309,0.23,3.368,0.218,0.823,0.049,10.406,0.037,10.567,0.02
1162,Mrk  273,13 44 42.164,+55 53 13.53,0.015904377895553462,2.109,0.158,3.618,0.213,0.743,0.078,9.947,0.245,3.742,0.223,0.781,0.06,10.48,0.033,10.512,0.019
1163,Mrk  331,23 51 26.731,+20 35 10.22,0.007790437445978629,1.589,0.161,2.833,0.164,0.658,0.067,9.139,0.218,3.162,0.216,0.868,0.047,10.367,0.037,10.565,0.02
1164,NGC    23,00 09 53.411,+25 55 25.46,0.006551609086648405,1.539,0.163,2.785,0.156,0.644,0.069,9.074,0.222,3.107,0.223,0.879,0.047,10.356,0.038,10.566,0.022
1165,NGC    34,00 11 06.612,-12 06 28.33,0.008429826797229934,1.409,0.17,2.637,0.167,0.56,0.078,8.982,0.226,2.848,0.255,0.935,0.053,10.317,0.044,10.548,0.025
1168,NGC   828,02 10 09.5458,+39 11 25.220,0.007662446537275878,1.831,0.166,3.085,0.186,0.767,0.058,9.289,0.228,3.549,0.2,0.78,0.047,10.429,0.033,10.579,0.017
1169,NGC   835,02 09 24.606,-10 08 09.31,0.00552369267327985,0.951,0.186,2.469,0.099,0.516,0.059,8.302,0.243,2.615,0.234,0.974,0.043,10.238,0.047,10.591,0.014
1170,NGC   838,02 09 38.562,-10 08 46.12,0.00552369267327985,1.692,0.149,2.963,0.21,0.636,0.075,9.37,0.214,3.178,0.224,0.878,0.054,10.383,0.036,10.533,0.023
1171,NGC   839,02 09 42.731,-10 11 01.64,0.005566571133294264,1.334,0.176,2.526,0.188,0.459,0.081,8.832,0.316,2.574,0.297,1.015,0.069,10.288,0.048,10.507,0.021
1173,NGC   877,02 17 59.6455,+14 32 38.205,0.005652315355074011,1.389,0.173,2.672,0.13,0.608,0.067,8.879,0.227,2.955,0.227,0.908,0.045,10.324,0.04,10.572,0.021
1175,NGC   992,02 37 25.491,+21 06 03.04,0.0059522868873829755,1.756,0.146,3.054,0.211,0.663,0.075,9.452,0.212,3.271,0.223,0.857,0.054,10.398,0.035,10.534,0.022
1176,M  77,02 42 40.771,-00 00 47.84,0.0016471913460381594,1.481,0.164,2.688,0.195,0.555,0.08,9.076,0.238,2.87,0.26,0.942,0.06,10.33,0.042,10.529,0.024
1177,3C  84,03 19 48.1597,+41 30 42.114,0.007577098304338679,1.066,0.183,2.551,0.101,0.553,0.057,8.39,0.228,2.855,0.218,0.93,0.043,10.282,0.042,10.599,0.009
1178,NGC  1365,03 33 36.458,-36 08 26.37,0.002382074932760771,1.419,0.163,2.652,0.153,0.581,0.073,8.968,0.217,2.886,0.236,0.925,0.049,10.321,0.04,10.554,0.023
1179,NGC  1572,04 22 42.814,-40 36 03.50,0.008770449937752408,1.043,0.182,2.518,0.098,0.538,0.058,8.417,0.234,2.724,0.224,0.953,0.042,10.262,0.044,10.591,0.014
1180,NGC  1614,04 34 00.027,-08 34 44.57,0.006850960324271947,2.038,0.151,3.508,0.215,0.73,0.075,9.832,0.24,3.645,0.222,0.8,0.058,10.461,0.032,10.514,0.019
1181,NGC  1797,05 07 44.883,-08 01 08.57,0.006423252507642979,1.163,0.183,2.526,0.117,0.535,0.069,8.62,0.238,2.68,0.241,0.96,0.045,10.269,0.045,10.572,0.021
1182,NGC  1961,05 42 04.775,+69 22 42.17,0.005652315355074011,1.113,0.179,2.532,0.102,0.546,0.061,8.527,0.23,2.714,0.227,0.953,0.042,10.267,0.043,10.583,0.017
1183,NGC  2146,06 18 37.710,+78 21 25.27,0.001300933020418072,1.386,0.166,2.579,0.182,0.512,0.08,8.941,0.254,2.715,0.273,0.975,0.062,10.305,0.044,10.524,0.025
1184,NGC  2342,07 09 18.089,+20 38 09.22,0.007619774517403355,1.884,0.148,3.229,0.208,0.721,0.075,9.598,0.209,3.465,0.217,0.813,0.053,10.429,0.033,10.54,0.022
1185,NGC  2369,07 16 37.753,-62 20 37.51,0.00466523324787711,1.345,0.174,2.621,0.137,0.579,0.072,8.849,0.225,2.856,0.242,0.928,0.048,10.309,0.043,10.566,0.022
1186,NGC  2388,07 28 53.4530,+33 49 08.550,0.0059522868873829755,1.185,0.184,2.575,0.108,0.569,0.062,8.606,0.233,2.805,0.231,0.936,0.044,10.286,0.043,10.584,0.017
1187,NGC  2623,08 38 24.016,+25 45 16.29,0.007961033336182907,1.246,0.177,2.489,0.158,0.494,0.079,8.786,0.243,2.608,0.269,0.98,0.055,10.274,0.047,10.541,0.026
1188,NGC  3110,10 04 02.124,-06 28 29.12,0.00727824733424432,1.953,0.153,3.309,0.207,0.759,0.072,9.654,0.215,3.572,0.215,0.787,0.051,10.445,0.033,10.546,0.021
1190,NGC  3256,10 27 51.284,-43 54 13.55,0.004063300397667094,2.064,0.151,3.521,0.208,0.76,0.075,9.864,0.218,3.691,0.216,0.781,0.055,10.465,0.031,10.522,0.02
1191,Mrk  171D,11 28 33.389,+58 33 46.41,0.004407364176330737,1.191,0.184,2.398,0.173,0.444,0.082,8.693,0.278,2.444,0.293,1.02,0.064,10.254,0.051,10.522,0.025
1192,NAME NGC 3690 West,11 28 30.69,+58 33 33.4,0.004493337547274315,1.542,0.168,2.798,0.211,0.507,0.081,9.003,0.369,2.834,0.295,0.988,0.076,10.34,0.044,10.497,0.017
1193,NGC  4194,12 14 09.615,+54 31 35.93,0.003589767189139866,1.332,0.169,2.52,0.179,0.477,0.079,8.86,0.275,2.609,0.281,1.0,0.064,10.289,0.046,10.516,0.024
1195,NGC  4922,13 01 25.2660,+29 18 49.879,0.010130277215147886,1.116,0.183,2.468,0.129,0.494,0.072,8.598,0.247,2.558,0.251,0.983,0.046,10.25,0.048,10.561,0.025
1197,NGC  5135,13 25 44.059,-29 50 01.24,0.005909446494558771,1.53,0.162,2.752,0.193,0.583,0.079,9.151,0.226,2.966,0.247,0.918,0.057,10.344,0.041,10.537,0.024
1198,NGC  5256,13 38 17.8,+48 16 41,0.011950866059398412,2.117,0.155,3.654,0.215,0.727,0.078,9.896,0.291,3.747,0.223,0.797,0.065,10.479,0.033,10.503,0.017
1199,NGC  5257,13 39 52.273,+00 50 22.48,0.009748255948553577,1.999,0.149,3.424,0.207,0.738,0.076,9.79,0.212,3.604,0.219,0.794,0.055,10.454,0.032,10.526,0.021
1200,NGC  5258,13 39 57.675,+00 49 51.49,0.009663316679379398,1.834,0.155,3.146,0.214,0.713,0.074,9.511,0.218,3.415,0.223,0.82,0.052,10.419,0.036,10.547,0.022
1206,NGC  5936,15 30 00.846,+12 59 21.55,0.005738042651424855,1.384,0.177,2.685,0.124,0.62,0.064,8.846,0.227,2.995,0.229,0.899,0.046,10.328,0.041,10.578,0.018
1207,NGC  5990,15 46 16.39,+02 24 55.8,0.00552369267327985,1.37,0.171,2.647,0.129,0.592,0.069,8.872,0.223,2.904,0.229,0.918,0.045,10.316,0.041,10.568,0.021
1210,NGC  6156,16 34 52.5471,-60 37 07.858,0.0047081965443362675,1.561,0.164,2.802,0.167,0.645,0.07,9.115,0.223,3.11,0.223,0.879,0.048,10.359,0.038,10.562,0.022
1211,NGC  6240,16 52 58.861,+02 24 03.55,0.010427172717049264,2.214,0.154,3.602,0.198,0.863,0.053,9.843,0.227,3.924,0.184,0.698,0.049,10.5,0.029,10.559,0.019
1212,NGC  6285,16 58 24.016,+58 57 21.23,0.008174184006426354,1.185,0.179,2.493,0.139,0.508,0.076,8.685,0.234,2.613,0.258,0.974,0.049,10.265,0.047,10.557,0.025
1213,NGC  6286,16 58 31.381,+58 56 10.21,0.007875743767585302,1.743,0.156,3.0,0.184,0.717,0.066,9.294,0.216,3.368,0.208,0.824,0.047,10.403,0.034,10.567,0.02
1214,NGC  6621,18 12 55.276,+68 21 48.50,0.008898114770939578,1.633,0.15,2.882,0.2,0.615,0.075,9.296,0.214,3.104,0.229,0.891,0.055,10.369,0.038,10.536,0.023
1215,2MASX J18333768+5953227,18 33 37.683,+59 53 22.76,0.012457578200773593,1.716,0.155,2.997,0.214,0.652,0.076,9.404,0.218,3.233,0.228,0.862,0.053,10.391,0.038,10.54,0.023
1216,2MFGC 14461,18 33 34.094,+59 53 17.78,0.01203535914952936,1.867,0.148,3.194,0.205,0.724,0.072,9.555,0.212,3.461,0.209,0.81,0.05,10.428,0.033,10.547,0.022
1217,NGC  6701,18 43 12.429,+60 39 12.13,0.0056951811185104,1.296,0.181,2.607,0.125,0.576,0.069,8.775,0.233,2.836,0.239,0.931,0.046,10.301,0.044,10.572,0.021
1218,NGC  6786,19 10 53.928,+73 24 36.20,0.010808597512206355,1.668,0.156,2.921,0.19,0.662,0.073,9.282,0.216,3.218,0.223,0.859,0.051,10.383,0.037,10.554,0.023
1219,NGC  6908,20 25 06.643,-24 48 33.53,0.004407364176330737,1.196,0.179,2.539,0.119,0.544,0.069,8.658,0.234,2.708,0.239,0.954,0.045,10.276,0.044,10.571,0.022
1220,NGC  6926,20 33 06.108,-02 01 39.07,0.008600171761917567,1.835,0.149,3.178,0.218,0.683,0.077,9.568,0.223,3.374,0.229,0.839,0.057,10.417,0.035,10.53,0.022
1221,NGC  7130,21 48 19.490,-34 57 04.73,0.006979190574276864,1.478,0.169,2.744,0.135,0.64,0.066,8.968,0.22,3.079,0.224,0.883,0.047,10.347,0.039,10.574,0.02
1222,NGC  7469,23 03 15.674,+08 52 25.28,0.007021925578680666,1.679,0.15,2.928,0.181,0.679,0.07,9.265,0.21,3.249,0.214,0.851,0.049,10.386,0.035,10.559,0.022
1223,NGC  7552,23 16 10.767,-42 35 05.39,0.0023388808920564892,0.996,0.186,2.421,0.123,0.48,0.071,8.409,0.255,2.452,0.256,1.0,0.046,10.224,0.05,10.568,0.023
1227,NGC  7674,23 27 56.6974,+08 46 44.238,0.012415374762432893,1.95,0.148,3.315,0.204,0.748,0.073,9.673,0.209,3.563,0.211,0.79,0.051,10.446,0.032,10.543,0.022
1231,NGC  7769,23 51 03.9751,+20 09 01.567,0.006037954997317177,1.346,0.176,2.644,0.125,0.595,0.067,8.827,0.229,2.908,0.231,0.917,0.045,10.314,0.041,10.573,0.02
1233,NGC  7771,23 51 24.880,+20 06 42.57,0.006252051369364774,1.508,0.169,2.768,0.141,0.649,0.065,9.003,0.224,3.112,0.222,0.877,0.046,10.353,0.038,10.574,0.019
1234,UGC 11415,19 11 04.67,+73 25 36.0,0.010723865391773066,1.316,0.169,2.607,0.126,0.565,0.069,8.829,0.221,2.828,0.233,0.933,0.045,10.303,0.042,10.566,0.022
1237,UGC  1845,02 24 07.9832,+47 58 10.743,0.00650882777528995,1.241,0.18,2.574,0.119,0.559,0.067,8.713,0.232,2.774,0.236,0.942,0.045,10.288,0.044,10.572,0.02
1239,Mrk 1073,03 15 01.406,+42 02 08.39,0.010002974127059696,1.977,0.151,3.414,0.216,0.711,0.078,9.765,0.237,3.56,0.228,0.813,0.059,10.449,0.033,10.517,0.02
1240,UGC  2982,04 12 22.670,+05 32 49.13,0.007619774517403355,1.936,0.154,3.272,0.206,0.762,0.072,9.596,0.219,3.565,0.215,0.786,0.052,10.442,0.033,10.552,0.022
1242,UGC  3351,05 45 47.836,+58 42 03.83,0.006423252507642979,1.683,0.153,2.937,0.19,0.672,0.072,9.293,0.215,3.235,0.221,0.856,0.05,10.385,0.036,10.554,0.023
1243,UGC  3405,06 13 57.524,+80 28 34.66,0.005395031886706145,0.779,0.174,2.339,0.11,0.435,0.066,8.105,0.258,2.265,0.261,1.034,0.043,10.172,0.053,10.576,0.021
1244,UGC  3410,06 14 29.619,+80 26 59.47,0.005652315355074011,1.605,0.162,2.846,0.178,0.654,0.071,9.178,0.222,3.154,0.224,0.871,0.049,10.368,0.038,10.559,0.022
1245,Z 234-34,06 57 34.4311,+46 24 10.308,0.009280884255358899,1.73,0.152,3.003,0.204,0.676,0.073,9.38,0.214,3.279,0.219,0.848,0.051,10.395,0.036,10.549,0.022
1247,UGC  5101,09 35 51.599,+61 21 11.33,0.016782712486840747,2.01,0.153,3.451,0.211,0.73,0.077,9.826,0.22,3.615,0.223,0.794,0.057,10.46,0.033,10.524,0.021
1248,IC  883,13 20 35.380,+34 08 21.84,0.009918084665901284,1.923,0.147,3.327,0.214,0.699,0.077,9.693,0.227,3.486,0.225,0.824,0.058,10.437,0.034,10.521,0.021
1250,UGC 11041,17 54 51.7609,+34 46 34.561,0.006979190574276864,1.386,0.174,2.698,0.115,0.628,0.061,8.827,0.223,3.037,0.219,0.891,0.044,10.333,0.039,10.583,0.017
1252,UGC  8335 E,13 15 35.103,+62 07 28.43,0.013174409878867104,1.992,0.155,3.498,0.229,0.658,0.076,9.646,0.347,3.554,0.248,0.854,0.072,10.452,0.035,10.495,0.014
1253,UGC  8335 W,13 15 30.732,+62 07 44.89,0.013385017749685424,1.557,0.156,2.795,0.208,0.55,0.079,9.206,0.253,2.944,0.254,0.936,0.063,10.349,0.041,10.518,0.022
1258,Z  49-57,15 13 13.1,+07 13 32,0.005652315355074011,0.558,0.156,2.139,0.164,0.324,0.074,7.738,0.28,1.787,0.323,1.115,0.065,10.077,0.064,10.548,0.037
1260,Z 141-34,17 56 56.6304,+24 01 01.989,0.008387230114158836,1.128,0.185,2.487,0.129,0.508,0.074,8.599,0.242,2.594,0.257,0.975,0.047,10.255,0.048,10.565,0.023
1261,2MFGC 14300,18 16 33.831,+22 06 38.90,0.007705114364780179,0.599,0.16,2.223,0.126,0.369,0.07,7.829,0.267,1.977,0.302,1.081,0.05,10.109,0.061,10.568,0.027
1262,2MASX J18164065+2206462,18 16 40.657,+22 06 46.23,0.008046306158350287,1.196,0.179,2.559,0.116,0.553,0.067,8.648,0.23,2.755,0.241,0.946,0.045,10.281,0.044,10.576,0.02
1264,Z 436-30,01 20 02.654,+14 21 41.73,0.013469232309170404,2.089,0.156,3.59,0.213,0.737,0.078,9.915,0.246,3.715,0.223,0.788,0.06,10.474,0.033,10.512,0.018
1265,2MASX J20572362+1707445,20 57 23.628,+17 07 44.60,0.015401673702949125,2.362,0.148,4.002,0.193,0.806,0.077,10.23,0.262,4.075,0.19,0.728,0.06,10.529,0.028,10.501,0.015
1366,M  82,09 55 52.430,+69 40 46.93,0.000390689249910088,1.016,0.181,2.24,0.168,0.381,0.078,8.423,0.3,2.177,0.289,1.072,0.069,10.204,0.056,10.513,0.027
1369,M  83,13 37 00.919,-29 51 56.74,0.0007810273534955295,0.326,0.129,1.979,0.185,0.265,0.072,7.294,0.255,1.386,0.322,1.206,0.092,9.987,0.071,10.528,0.064
1372,NGC   253,00 47 33.134,-25 17 19.68,0.00034729668536350247,0.188,0.101,1.76,0.254,0.194,0.073,6.985,0.212,1.039,0.262,1.322,0.09,9.897,0.074,10.454,0.115
1373,NGC  1808,05 07 42.343,-37 30 46.98,0.0014740966917327273,0.935,0.18,2.391,0.122,0.465,0.072,8.323,0.25,2.384,0.26,1.012,0.046,10.208,0.05,10.569,0.023
1374,NGC  3256,10 27 51.284,-43 54 13.55,0.004149341900059117,2.105,0.155,3.554,0.207,0.792,0.074,9.899,0.211,3.755,0.213,0.759,0.053,10.474,0.031,10.53,0.02
1375,NAME Antennae,12 01 53.170,-18 52 37.92,0.002511631284908312,0.859,0.178,2.312,0.143,0.418,0.076,8.226,0.268,2.217,0.28,1.042,0.05,10.178,0.055,10.557,0.027
1378,NGC  4945,13 05 27.279,-49 28 04.44,0.0008243766056055041,0.627,0.167,2.243,0.124,0.39,0.07,7.856,0.27,2.025,0.3,1.072,0.049,10.123,0.059,10.572,0.025
1379,NGC  7552,23 16 10.767,-42 35 05.39,0.002382074932760771,1.054,0.181,2.455,0.118,0.501,0.07,8.481,0.241,2.532,0.247,0.986,0.045,10.24,0.047,10.57,0.022
1380,NGC  1365,03 33 36.458,-36 08 26.37,0.002425264677901354,1.448,0.166,2.677,0.157,0.59,0.074,9.003,0.219,2.922,0.236,0.919,0.05,10.328,0.04,10.554,0.023
1381,NGC  3783,11 39 01.7095,-37 44 19.008,0.004321373782642578,0.539,0.151,2.095,0.198,0.308,0.079,7.693,0.282,1.711,0.344,1.131,0.078,10.064,0.068,10.538,0.048
1382,NGC  4051,12 03 09.6098,+44 31 52.693,0.0010410579860935677,-0.571,0.165,0.966,0.091,-0.106,0.076,5.911,0.152,0.573,0.074,1.458,0.017,9.414,0.098,9.669,0.13
1383,NGC  4151,12 10 32.5771,+39 24 21.057,0.0014740966917327273,-0.2,0.218,1.08,0.135,-0.051,0.104,6.546,0.16,0.675,0.048,1.43,0.013,9.653,0.1,9.95,0.252
1384,NGC  4593,12 39 39.4435,-05 20 39.035,0.004020273253241628,0.102,0.119,1.48,0.289,0.113,0.076,6.798,0.187,0.818,0.176,1.392,0.06,9.81,0.079,10.309,0.154
1385,NGC  5033,13 13 27.535,+36 35 37.14,0.001300933020418072,0.199,0.108,1.913,0.164,0.252,0.062,7.09,0.222,1.261,0.278,1.267,0.097,9.952,0.069,10.533,0.069
1386,NGC  5506,14 13 14.901,-03 12 27.22,0.0027706281011936895,0.62,0.174,1.887,0.255,0.242,0.081,7.764,0.355,1.555,0.361,1.204,0.105,10.06,0.079,10.474,0.069
1387,NGC  7469,23 03 15.674,+08 52 25.28,0.0072355375459517285,1.717,0.156,2.976,0.196,0.691,0.073,9.315,0.217,3.295,0.223,0.842,0.051,10.394,0.036,10.558,0.022
1388,ESO 445-50,13 49 19.2607,-30 18 34.224,0.007107382974057389,0.633,0.224,1.936,0.207,0.191,0.076,7.553,0.463,1.478,0.337,1.266,0.08,10.042,0.103,10.407,0.1
1389,NAME Centaurus A,13 25 27.6150,-43 01 08.805,0.0008243766056055041,0.561,0.151,2.173,0.14,0.349,0.071,7.739,0.263,1.847,0.307,1.101,0.056,10.089,0.06,10.56,0.031
1390,NAME Circinus Galaxy,14 13 09.906,-65 20 20.47,0.0006509536295950582,0.516,0.151,2.037,0.224,0.289,0.079,7.629,0.287,1.608,0.352,1.153,0.088,10.049,0.069,10.526,0.054
1391,M  77,02 42 40.771,-00 00 47.84,0.0016904542321528522,1.579,0.157,2.812,0.212,0.57,0.08,9.193,0.258,2.972,0.256,0.931,0.065,10.352,0.04,10.519,0.022
1392,3C  84,03 19 48.1597,+41 30 42.114,0.007790437445978629,1.047,0.184,2.542,0.102,0.546,0.057,8.368,0.23,2.838,0.221,0.933,0.044,10.278,0.043,10.599,0.009
1393,NGC  1386,03 36 46.238,-35 59 57.39,0.001300933020418072,-0.283,0.197,1.096,0.087,-0.061,0.102,6.367,0.131,0.661,0.038,1.439,0.013,9.603,0.086,9.905,0.238
1394,NGC  7314,22 35 46.1969,-26 03 01.574,0.0021228462251616366,0.145,0.107,1.604,0.289,0.148,0.074,6.878,0.199,0.898,0.216,1.366,0.074,9.849,0.077,10.376,0.141
1395,NGC  7582,23 18 23.621,-42 22 14.06,0.0023388808920564892,1.047,0.187,2.32,0.166,0.422,0.081,8.501,0.278,2.307,0.29,1.035,0.061,10.218,0.055,10.532,0.028
1396,Mrk    3,06 15 36.458,+71 02 15.24,0.005995123054691285,1.009,0.199,2.244,0.172,0.321,0.076,8.229,0.405,2.038,0.3,1.136,0.081,10.19,0.067,10.482,0.028
1398,FRL   49,18 36 58.2344,-59 24 08.288,0.00885556399621263,1.153,0.18,2.415,0.156,0.459,0.077,8.672,0.249,2.477,0.27,1.003,0.054,10.248,0.049,10.538,0.026
1399,NGC  4355,12 26 54.628,-00 52 39.51,0.003245054813147085,-0.11,0.201,1.152,0.192,-0.008,0.098,6.602,0.159,0.697,0.066,1.427,0.022,9.693,0.094,10.05,0.223
1400,NGC  3690,11 28 31.326,+58 33 41.80,0.004579293902211658,2.155,0.153,3.693,0.21,0.755,0.076,9.947,0.267,3.802,0.214,0.781,0.061,10.483,0.031,10.506,0.017
1401,IC 4553,15 34 57.2239,+23 30 11.608,0.00800367184015935,1.513,0.161,2.736,0.184,0.58,0.076,9.134,0.224,2.955,0.24,0.919,0.054,10.341,0.041,10.539,0.025
1402,Mrk  231,12 56 14.2340,+56 52 25.238,0.01840920738206835,1.719,0.162,2.983,0.192,0.691,0.068,9.307,0.227,3.324,0.216,0.834,0.049,10.4,0.037,10.564,0.021
1403,Mrk  273,13 44 42.164,+55 53 13.53,0.016531940957265075,2.11,0.157,3.638,0.215,0.728,0.079,9.921,0.275,3.74,0.223,0.791,0.063,10.48,0.033,10.506,0.018
1404,NGC  6240,16 52 58.861,+02 24 03.55,0.010808597512206355,2.206,0.154,3.601,0.2,0.858,0.056,9.857,0.23,3.912,0.186,0.703,0.049,10.498,0.029,10.556,0.02
1405,UGC  5101,09 35 51.599,+61 21 11.33,0.017242084547645732,1.933,0.15,3.303,0.208,0.733,0.072,9.677,0.213,3.537,0.213,0.797,0.051,10.444,0.033,10.541,0.022
1406,LEDA   60189,17 23 21.943,-00 17 00.96,0.01870049866624337,2.181,0.159,3.684,0.207,0.79,0.075,10.041,0.214,3.848,0.209,0.745,0.055,10.496,0.032,10.523,0.02
1407,ESO 286-19,20 58 26.8182,-42 38 59.418,0.018742095762381984,1.949,0.142,3.327,0.195,0.737,0.069,9.704,0.201,3.557,0.202,0.792,0.049,10.448,0.032,10.54,0.021
1408,ESO 148-2,23 15 46.772,-59 03 15.94,0.01944863749363683,2.371,0.149,3.997,0.194,0.818,0.076,10.276,0.237,4.085,0.188,0.716,0.056,10.533,0.028,10.506,0.017
1409,LEDA   90429,23 39 01.274,+36 21 08.77,0.02787940920720745,1.817,0.147,3.131,0.199,0.693,0.072,9.515,0.208,3.4,0.21,0.821,0.05,10.422,0.035,10.55,0.022
1410,2MASX J15265942+3558372,15 26 59.442,+35 58 37.01,0.023951707423387994,1.523,0.157,2.758,0.196,0.542,0.078,9.206,0.235,2.925,0.249,0.932,0.059,10.343,0.042,10.526,0.024
1413,LEDA   17155,05 21 01.3987,-25 21 45.269,0.018575683467251414,1.215,0.185,2.591,0.108,0.558,0.061,8.672,0.239,2.83,0.23,0.933,0.044,10.292,0.045,10.581,0.018
1415,NAME IRAS F08572+3915 NW,09 00 25.364,+39 03 54.23,0.02530586526477026,1.62,0.157,2.895,0.22,0.561,0.08,9.329,0.254,3.038,0.251,0.917,0.063,10.368,0.042,10.518,0.022
1416,2MASX J09041268-3627007,09 04 12.689,-36 27 00.76,0.025838164229700204,2.636,0.153,4.428,0.195,0.874,0.08,10.578,0.273,4.43,0.189,0.666,0.063,10.588,0.027,10.493,0.012
1417,LEDA   33083,10 59 18.128,+24 32 34.74,0.01882527800395082,1.977,0.148,3.358,0.201,0.752,0.07,9.721,0.211,3.6,0.204,0.781,0.049,10.455,0.032,10.543,0.021
1418,LEDA   39024,12 13 46.107,+02 48 41.50,0.03152964580342275,2.254,0.158,3.807,0.204,0.789,0.075,10.173,0.215,3.935,0.202,0.73,0.054,10.517,0.031,10.517,0.019
1419,2MASX J13150638-5509225,13 15 06.383,-55 09 22.60,0.01351133346589992,2.019,0.15,3.42,0.203,0.766,0.071,9.779,0.211,3.651,0.208,0.774,0.05,10.461,0.032,10.539,0.021
1420,LEDA   52270,14 37 38.317,-15 00 23.97,0.035549803010057016,2.301,0.156,3.835,0.197,0.819,0.066,10.206,0.202,3.995,0.19,0.705,0.051,10.529,0.03,10.527,0.02
1422,LEDA   90327,19 32 22.2960,-04 00 01.793,0.036668810300096784,2.205,0.154,3.66,0.201,0.809,0.06,10.001,0.225,3.886,0.189,0.715,0.049,10.511,0.031,10.544,0.021
1424,H-ATLAS J091043.0-000322,09 10 43.1,-00 03 21,0.44451320633404295,3.187,0.145,5.594,0.2,-0.115,0.116,12.133,0.175,4.979,0.181,0.48,0.045,10.968,0.011,10.49,0.011
1426,[DWV2017b] CFHQ J2100-1715 companion,21 00 55.45,-17 15 21.7,0.8500700607474498,2.716,0.151,5.481,0.232,-1.107,0.068,12.284,0.207,4.979,0.247,0.699,0.042,10.965,0.05,10.433,0.027
1427,NAME HLock01,10 57 51.1,+57 30 27,0.5974757898703775,3.639,0.153,6.377,0.199,-0.63,0.075,12.52,0.135,5.683,0.193,0.382,0.044,11.043,0.007,10.484,0.006
1429,H-ATLAS J084933.4+021443,08 49 33.4,+02 14 43,0.532767114714318,3.543,0.153,6.221,0.201,-0.374,0.091,12.486,0.131,5.526,0.193,0.402,0.045,11.021,0.008,10.484,0.006
1430,[BPA2013] H-ATLAS J091840.8+023047 lens,09 18 40.9,+02 30 45,0.5540285758208732,3.141,0.154,5.687,0.202,-0.455,0.089,12.363,0.161,5.035,0.192,0.51,0.044,11.002,0.014,10.484,0.005
1431,[BPA2013] H-ATLAS J085358.9+015537 lens,08 53 58.8,+01 55 37,0.4902816204417575,2.548,0.15,4.736,0.206,-0.275,0.104,11.654,0.263,4.176,0.186,0.654,0.045,10.92,0.025,10.489,0.01
1433,H-ATLAS J115820.1-013752,11 58 20.2,-01 37 53,0.5039131939996202,2.8,0.15,5.1,0.208,-0.333,0.106,11.925,0.225,4.502,0.186,0.588,0.044,10.957,0.018,10.489,0.009
1435,[BPA2013] H-ATLAS J113526.3-014605 lens,11 35 26.2,-01 46 06,0.6156870819348312,2.879,0.149,5.185,0.21,-0.87,0.087,11.85,0.23,4.6,0.187,0.584,0.043,11.003,0.013,10.496,0.014
1437,[BPA2013] H-ATLAS J141351.9-000026 lens,14 13 52.0,-00 00 24,0.5413046031428704,3.702,0.151,6.539,0.192,-0.32,0.07,12.65,0.085,5.878,0.203,0.37,0.043,11.03,0.009,10.482,0.003
1438,NAME HBootes03,14 28 24.074,+35 26 19.35,0.36642295722597273,2.894,0.15,5.164,0.197,0.184,0.07,11.855,0.187,4.616,0.183,0.568,0.049,10.9,0.019,10.487,0.009
1440,[NKC2016] HELMS2,23 32 55.4,-03 11 34,0.5670145965014246,3.964,0.151,6.823,0.201,-0.497,0.081,12.612,0.106,6.104,0.202,0.294,0.044,11.047,0.005,10.483,0.006
1441,[NKC2016] HELMS7,23 24 39.5,-04 39 36,0.5407047833107623,3.725,0.147,6.563,0.192,-0.323,0.07,12.648,0.086,5.896,0.206,0.363,0.042,11.031,0.008,10.482,0.003
1442,[BPA2013] H-ATLAS J133649.9+291801 lens,13 36 49.9,+29 17 59,0.5054755770970487,3.092,0.152,5.611,0.201,-0.235,0.082,12.338,0.15,4.967,0.194,0.523,0.044,10.981,0.015,10.484,0.004
1443,NAME NAv1.777,13 28 59.246,+29 23 26.13,0.5772619535858148,3.765,0.156,6.585,0.204,-0.514,0.076,12.612,0.104,5.894,0.207,0.35,0.044,11.043,0.007,10.482,0.004
1444,HerBS 20,13 25 04.37,+31 15 34.2,0.4526755981756092,3.736,0.144,6.32,0.199,-0.189,0.127,12.351,0.142,5.681,0.183,0.327,0.046,11.002,0.007,10.494,0.013
1445,FIRST J134429.5+303034,13 44 29.53,+30 30 34.4,0.5186455243303115,2.63,0.149,4.969,0.206,-0.288,0.075,12.044,0.201,4.38,0.192,0.644,0.043,10.935,0.027,10.483,0.006
1446,NAME NBv1.43,13 24 27.206,+28 44 49.40,0.42748610909578555,3.491,0.144,5.915,0.202,-0.149,0.13,12.164,0.164,5.347,0.182,0.385,0.046,10.979,0.008,10.5,0.014
1447,[BPA2013] H-ATLAS J133008.4+245900 lens,13 30 08.5,+24 58 59,0.6139686046771166,2.997,0.154,5.435,0.205,-0.775,0.084,12.139,0.214,4.808,0.186,0.556,0.044,11.01,0.014,10.488,0.009
1449,H-ATLAS J223829.0-304148,22 38 29.0,-30 41 48,0.367355921026019,3.3,0.156,5.867,0.202,0.273,0.027,12.356,0.096,5.287,0.21,0.492,0.049,10.939,0.016,10.48,0.004
1450,H-ATLAS J222536.3-295646,22 25 36.3,-29 56 46,0.421603926869831,3.711,0.149,6.413,0.19,0.085,0.071,12.525,0.093,5.744,0.189,0.366,0.048,10.993,0.008,10.481,0.006
1451,HerBS 17,23 25 31.3,-30 22 35,0.5646660642520893,4.224,0.146,7.202,0.193,-0.459,0.076,12.683,0.087,6.478,0.197,0.227,0.043,11.055,0.004,10.481,0.005
1453,HerBS 18,23 24 19.8,-32 39 26,0.5453071164658241,3.834,0.15,6.734,0.194,-0.327,0.068,12.686,0.076,6.074,0.212,0.335,0.042,11.037,0.008,10.482,0.003
1454,H-ATLAS J000722.1-352014,00 07 22.1,-35 20 14,0.37657695705651195,3.539,0.146,6.094,0.191,0.208,0.077,12.372,0.113,5.47,0.182,0.405,0.049,10.963,0.01,10.483,0.008
1455,HerBS 22,00 26 24.8,-34 17 37,0.568201724066995,3.75,0.152,6.564,0.196,-0.475,0.082,12.61,0.108,5.874,0.198,0.354,0.043,11.04,0.007,10.482,0.004
1456,H-ATLAS J000912.7-300807,00 09 12.7,-30 08 07,0.34044411484011833,3.132,0.147,5.462,0.195,0.29,0.073,12.01,0.16,4.92,0.184,0.504,0.049,10.911,0.015,10.487,0.01
1457,H-ATLAS J091043.0-000322,09 10 43.1,-00 03 21,0.44466923093852445,2.922,0.15,5.246,0.202,-0.097,0.106,11.973,0.198,4.647,0.185,0.554,0.047,10.944,0.016,10.488,0.01
1458,[NHD2010] SDP 130 lens,09 13 05.0,-00 53 43,0.5593798881833032,3.424,0.152,6.093,0.198,-0.461,0.086,12.496,0.132,5.419,0.194,0.437,0.043,11.022,0.01,10.483,0.004
1459,[GLF2012] SDP  17 lens,09 03 02.9,-01 41 27,0.5191714638216591,3.142,0.153,5.685,0.203,-0.294,0.087,12.368,0.151,5.036,0.193,0.509,0.044,10.99,0.015,10.484,0.004
1460,SDP 81,09 03 11.574,+00 39 06.55,0.6066500285784387,2.816,0.152,5.234,0.202,-0.714,0.085,12.154,0.215,4.622,0.188,0.606,0.043,10.989,0.021,10.485,0.006
1461,[NHD2010] SDP   9 lens,09 07 40.0,-00 42 00,0.41111441855090475,2.713,0.151,4.997,0.2,0.051,0.059,11.848,0.195,4.411,0.185,0.621,0.047,10.901,0.023,10.484,0.006
1463,HerBS 11,01 24 07.3,-28 14 34,0.47712125471966244,3.636,0.148,6.309,0.195,-0.161,0.097,12.476,0.123,5.615,0.188,0.373,0.047,11.008,0.008,10.484,0.007
1464,H-ATLAS J010250.8-311723,01 02 50.8,-31 17 23,0.4099331233312946,3.309,0.154,5.902,0.2,0.135,0.04,12.41,0.097,5.28,0.203,0.482,0.048,10.96,0.015,10.481,0.004
1465,H-ATLAS J014834.7-303532,01 48 34.7,-30 35 32,0.403120521175818,3.203,0.151,5.709,0.198,0.134,0.054,12.298,0.123,5.084,0.192,0.502,0.048,10.949,0.015,10.482,0.005
1475,HS 0017+1055,00 20 21.0,+11 12 21,0.007833092701319428,-1.026,0.204,0.852,0.142,-0.33,0.089,5.995,0.22,0.538,0.044,1.415,0.009,9.155,0.182,8.945,0.226
1476,SDSS J005456.38+255307.8,00 54 56.387,+25 53 07.85,0.018325945402920835,0.996,0.208,2.252,0.177,0.299,0.077,8.216,0.431,2.016,0.307,1.143,0.081,10.18,0.074,10.475,0.035
1478,LEDA  101471,12 24 36.7369,+37 24 35.833,0.017492446477275197,-0.637,0.238,1.27,0.142,-0.22,0.063,5.87,0.346,0.6,0.035,1.449,0.012,9.343,0.198,9.357,0.264
1480,LEDA  101484,13 06 24.193,+35 13 43.00,0.007790437445978629,-0.194,0.235,1.07,0.123,-0.072,0.105,6.586,0.26,0.673,0.064,1.431,0.018,9.657,0.12,9.907,0.266
1481,LEDA  169741,13 21 19.704,+32 08 25.17,0.008515007631454796,-1.143,0.206,0.863,0.167,-0.309,0.092,5.866,0.261,0.518,0.034,1.413,0.012,9.043,0.191,8.823,0.196
1482,LEDA  101493,13 33 08.394,+36 36 32.45,0.007875743767585302,-0.124,0.228,1.097,0.154,-0.04,0.102,6.658,0.242,0.69,0.067,1.428,0.021,9.691,0.114,9.985,0.252
1484,AGC 332347,23 54 56.7,+27 49 59,0.011443562022074683,-1.233,0.202,0.984,0.2,-0.257,0.095,5.683,0.298,0.515,0.024,1.413,0.014,8.942,0.187,8.75,0.162
1485,ESO 350-38,00 36 52.489,-33 33 17.23,0.00885556399621263,1.654,0.177,3.078,0.221,0.493,0.073,8.778,0.41,2.959,0.302,1.026,0.077,10.367,0.045,10.48,0.008
1486,Mrk   33,10 32 31.956,+54 24 03.53,0.0021660617565076304,0.215,0.224,1.348,0.295,0.092,0.087,7.058,0.359,0.889,0.26,1.376,0.078,9.872,0.109,10.273,0.182
1487,NGC  3353,10 45 22.390,+55 57 37.36,0.0019499410842679383,0.232,0.25,1.374,0.265,0.085,0.087,7.03,0.421,0.91,0.276,1.378,0.07,9.873,0.121,10.252,0.186
1488,ESO 495-21,08 36 15.190,-26 24 33.66,0.0008677215312269133,0.076,0.204,1.225,0.267,0.052,0.09,6.871,0.27,0.765,0.157,1.409,0.058,9.803,0.104,10.191,0.202
1489,UGCA 116,05 55 42.645,+03 23 32.23,0.001214325286178867,-0.419,0.258,1.177,0.135,-0.152,0.094,6.12,0.38,0.61,0.052,1.455,0.015,9.515,0.181,9.645,0.297
1490,Mrk  116,09 34 02.1,+55 14 25,0.0017769670774395734,-1.737,0.146,0.543,0.123,-0.437,0.117,5.276,0.207,0.429,0.023,1.4,0.029,8.554,0.093,8.981,0.151
1491,NGC  1741,05 01 38.3,-04 15 25,0.005652315355074011,1.318,0.188,2.529,0.193,0.428,0.08,8.701,0.378,2.491,0.312,1.048,0.074,10.281,0.053,10.495,0.018
1492,Mrk 1450,11 38 35.6604,+57 52 26.730,0.001993173823530478,-1.118,0.198,0.983,0.191,-0.232,0.085,5.778,0.294,0.511,0.027,1.427,0.014,9.05,0.189,8.869,0.179
1493,Mrk  153,10 49 05.036,+52 20 07.77,0.004020273253241628,-0.45,0.253,1.035,0.088,-0.172,0.1,6.332,0.287,0.616,0.05,1.437,0.011,9.525,0.147,9.619,0.308
1494,Mrk  209,12 26 16.02,+48 29 36.6,0.0006075870628903731,-1.831,0.137,0.474,0.107,-0.451,0.101,5.31,0.154,0.418,0.017,1.378,0.029,8.52,0.073,8.885,0.177
1495,Mrk  930,23 31 58.630,+28 56 50.51,0.007705114364780179,0.984,0.212,2.258,0.173,0.3,0.076,8.101,0.446,1.978,0.308,1.161,0.082,10.178,0.075,10.471,0.035
1496,NGC  1140,02 54 33.5258,-10 01 43.135,0.0019499410842679383,0.291,0.211,1.431,0.302,0.118,0.081,7.173,0.354,0.97,0.29,1.356,0.084,9.908,0.102,10.326,0.159
1497,NGC  1569,04 30 49.186,+64 50 52.52,0.00034729668536350247,-0.171,0.253,1.1,0.126,-0.057,0.106,6.515,0.364,0.661,0.079,1.441,0.023,9.674,0.144,9.926,0.27
1498,NGC  1705,04 54 13.500,-53 21 39.82,0.0006075870628903731,-1.256,0.188,0.795,0.154,-0.46,0.085,5.718,0.172,0.509,0.05,1.42,0.012,8.979,0.173,8.974,0.297
1499,NGC  4228,12 15 39.174,+36 19 36.80,0.00030389978481245835,-1.021,0.198,0.859,0.15,-0.395,0.083,5.956,0.151,0.549,0.053,1.42,0.008,9.186,0.162,9.074,0.278
1500,NGC  4228,12 15 39.174,+36 19 36.80,0.00030389978481245835,-1.353,0.183,0.778,0.151,-0.472,0.112,5.544,0.203,0.496,0.05,1.423,0.015,8.877,0.168,9.025,0.266
1501,NGC  5253,13 39 55.990,-31 38 24.11,0.000390689249910088,-0.664,0.234,0.979,0.113,-0.238,0.083,6.206,0.251,0.581,0.048,1.431,0.013,9.41,0.156,9.37,0.295
1502,NGC   625,01 35 04.632,-41 26 10.32,0.000390689249910088,-1.022,0.206,0.825,0.141,-0.366,0.087,5.997,0.169,0.537,0.05,1.418,0.007,9.177,0.174,9.002,0.256
1503,LEDA   46982,13 25 48.60,-11 36 38.0,0.0018634626925239724,-2.041,0.105,0.392,0.114,-0.331,0.102,5.133,0.136,0.435,0.036,1.34,0.017,8.433,0.041,8.827,0.165
1504,SBSG 0335-052,03 37 44.04,-05 02 38.5,0.005566571133294264,-1.192,0.206,1.111,0.197,-0.189,0.083,5.602,0.317,0.516,0.022,1.426,0.015,8.961,0.196,8.818,0.167
1505,LEDA 2815986,12 02 02.493,+54 15 51.05,0.0056951811185104,-1.305,0.187,0.798,0.151,-0.474,0.102,5.629,0.191,0.511,0.05,1.418,0.014,8.926,0.172,8.995,0.285
1508,NVSS J153412+571655,15 34 13.3860,+57 17 07.294,0.005395031886706145,-0.252,0.246,1.064,0.104,-0.096,0.107,6.493,0.306,0.652,0.058,1.438,0.016,9.629,0.135,9.84,0.281
1509,LEDA   39402,12 17 17.093,-28 02 32.67,0.011781830548106848,-0.63,0.248,1.093,0.123,-0.227,0.074,6.127,0.338,0.593,0.045,1.437,0.014,9.403,0.176,9.383,0.293
1510,UGC  4483,08 37 03.29,+69 46 29.2,0.000390689249910088,-1.939,0.032,0.66,0.064,0.462,0.09,3.714,0.124,0.406,0.03,1.431,0.035,7.974,0.052,8.682,0.109
1511,Z 412-24,01 44 41.3,+04 53 26,0.002295682554933967,-1.046,0.194,0.965,0.112,-0.35,0.127,5.676,0.193,0.576,0.05,1.431,0.01,9.143,0.15,9.328,0.249
1512,NGC   450,01 15 30.470,-00 51 38.98,0.002382074932760771,0.972,0.193,2.184,0.172,0.331,0.078,8.269,0.37,2.029,0.303,1.122,0.081,10.183,0.065,10.491,0.029
1513,Mrk 1304,11 42 12.253,+00 20 03.68,0.008685319195168106,1.654,0.164,2.991,0.228,0.523,0.077,9.045,0.392,2.985,0.29,0.98,0.076,10.368,0.043,10.489,0.013
1514,LEDA   37102,11 51 33.3534,-02 22 21.893,0.0013442304116013512,-1.696,0.158,0.55,0.116,-0.519,0.08,5.419,0.163,0.434,0.023,1.393,0.026,8.605,0.099,8.84,0.196
1515,UGC  6456,11 28 00.43,+78 59 38.4,0.00047746137445523157,-1.654,0.153,0.696,0.095,0.043,0.13,4.472,0.243,0.458,0.044,1.461,0.017,8.432,0.134,9.063,0.063
1516,SPT-S J041839-4751.8,04 18 39.270,-47 51 50.10,0.7180862947830916,2.818,0.148,5.405,0.208,-0.95,0.07,12.33,0.189,4.83,0.206,0.636,0.042,11.0,0.029,10.477,0.011
1517,AzTEC 1,09 59 42.860,+02 29 38.20,0.727703883685354,3.039,0.146,5.495,0.199,-1.137,0.078,11.984,0.207,4.886,0.182,0.574,0.042,11.039,0.011,10.488,0.011
1645,[MOK2016b] HSC J121137.10-011816.4,12 11 37.10,-01 18 16.4,0.8469120787504387,2.705,0.152,5.684,0.266,-1.043,0.048,12.488,0.152,5.215,0.254,0.697,0.042,10.923,0.069,10.409,0.056
